{
"meta":{"test_sets":[],"test_metrics":[],"learn_metrics":[{"best_value":"Min","name":"RMSE"}],"launch_mode":"Train","parameters":"","iteration_count":1000,"learn_sets":["learn"],"name":"experiment"},
"iterations":[
{"learn":[0.4753785594],"iteration":0,"passed_time":0.1431571638,"remaining_time":143.0140066},
{"learn":[0.4677854508],"iteration":1,"passed_time":0.145630479,"remaining_time":72.66960901},
{"learn":[0.4610798725],"iteration":2,"passed_time":0.1477746441,"remaining_time":49.11044006},
{"learn":[0.4549781225],"iteration":3,"passed_time":0.1501287687,"remaining_time":37.38206341},
{"learn":[0.4491991747],"iteration":4,"passed_time":0.1522902647,"remaining_time":30.30576267},
{"learn":[0.4429012166],"iteration":5,"passed_time":0.1543775457,"remaining_time":25.5752134},
{"learn":[0.4370387425],"iteration":6,"passed_time":0.1564377883,"remaining_time":22.19181769},
{"learn":[0.4316821457],"iteration":7,"passed_time":0.1602265939,"remaining_time":19.86809765},
{"learn":[0.4266945558],"iteration":8,"passed_time":0.1626037503,"remaining_time":17.90447962},
{"learn":[0.4224491594],"iteration":9,"passed_time":0.1642603578,"remaining_time":16.26177542},
{"learn":[0.4190285536],"iteration":10,"passed_time":0.1657800972,"remaining_time":14.90513783},
{"learn":[0.4148765182],"iteration":11,"passed_time":0.1677943761,"remaining_time":13.8150703},
{"learn":[0.4106637655],"iteration":12,"passed_time":0.1701640623,"remaining_time":12.9193792},
{"learn":[0.4071309686],"iteration":13,"passed_time":0.1723792013,"remaining_time":12.14042089},
{"learn":[0.4037738346],"iteration":14,"passed_time":0.1741416447,"remaining_time":11.43530134},
{"learn":[0.4005395226],"iteration":15,"passed_time":0.1762144275,"remaining_time":10.83718729},
{"learn":[0.3972662015],"iteration":16,"passed_time":0.1783223754,"remaining_time":10.31122912},
{"learn":[0.3943096457],"iteration":17,"passed_time":0.1802341694,"remaining_time":9.83277524},
{"learn":[0.3913036211],"iteration":18,"passed_time":0.1822762751,"remaining_time":9.41121189},
{"learn":[0.3889633487],"iteration":19,"passed_time":0.1844464385,"remaining_time":9.037875486},
{"learn":[0.3858725523],"iteration":20,"passed_time":0.1867820102,"remaining_time":8.707599427},
{"learn":[0.3830400356],"iteration":21,"passed_time":0.1891644546,"remaining_time":8.409219846},
{"learn":[0.3806310997],"iteration":22,"passed_time":0.191306895,"remaining_time":8.126384192},
{"learn":[0.3777313566],"iteration":23,"passed_time":0.1935187332,"remaining_time":7.869761816},
{"learn":[0.3756875799],"iteration":24,"passed_time":0.1955240802,"remaining_time":7.625439128},
{"learn":[0.3732828883],"iteration":25,"passed_time":0.1977474229,"remaining_time":7.407922687},
{"learn":[0.371027664],"iteration":26,"passed_time":0.1998637736,"remaining_time":7.202498212},
{"learn":[0.3695136196],"iteration":27,"passed_time":0.2007631155,"remaining_time":6.969348154},
{"learn":[0.3677754238],"iteration":28,"passed_time":0.2027486915,"remaining_time":6.788585499},
{"learn":[0.3658378972],"iteration":29,"passed_time":0.2046967785,"remaining_time":6.61852917},
{"learn":[0.3640566341],"iteration":30,"passed_time":0.206757145,"remaining_time":6.462828176},
{"learn":[0.3624131862],"iteration":31,"passed_time":0.2090307497,"remaining_time":6.323180179},
{"learn":[0.36035476],"iteration":32,"passed_time":0.211117411,"remaining_time":6.186379893},
{"learn":[0.358708915],"iteration":33,"passed_time":0.2131453068,"remaining_time":6.055834305},
{"learn":[0.3574082171],"iteration":34,"passed_time":0.2152548415,"remaining_time":5.934883488},
{"learn":[0.3559071899],"iteration":35,"passed_time":0.2173705859,"remaining_time":5.820701243},
{"learn":[0.3546394444],"iteration":36,"passed_time":0.2197901826,"remaining_time":5.720485024},
{"learn":[0.3532810462],"iteration":37,"passed_time":0.2220882176,"remaining_time":5.622338561},
{"learn":[0.3524194026],"iteration":38,"passed_time":0.2242340405,"remaining_time":5.525356742},
{"learn":[0.351451006],"iteration":39,"passed_time":0.2262495196,"remaining_time":5.429988469},
{"learn":[0.3504219837],"iteration":40,"passed_time":0.2283802342,"remaining_time":5.341869381},
{"learn":[0.3492919484],"iteration":41,"passed_time":0.2304693598,"remaining_time":5.25689635},
{"learn":[0.3483509372],"iteration":42,"passed_time":0.2328755038,"remaining_time":5.182833886},
{"learn":[0.3475944593],"iteration":43,"passed_time":0.2350145091,"remaining_time":5.106224334},
{"learn":[0.3468449268],"iteration":44,"passed_time":0.2372087126,"remaining_time":5.034096013},
{"learn":[0.3454042313],"iteration":45,"passed_time":0.2391984901,"remaining_time":4.960768685},
{"learn":[0.3443552767],"iteration":46,"passed_time":0.2414216467,"remaining_time":4.895209135},
{"learn":[0.3438079243],"iteration":47,"passed_time":0.2435508375,"remaining_time":4.830424943},
{"learn":[0.3426601271],"iteration":48,"passed_time":0.2456166728,"remaining_time":4.766968486},
{"learn":[0.3419328173],"iteration":49,"passed_time":0.2478537352,"remaining_time":4.70922097},
{"learn":[0.3413374475],"iteration":50,"passed_time":0.2498759662,"remaining_time":4.649652782},
{"learn":[0.3407864409],"iteration":51,"passed_time":0.2518295091,"remaining_time":4.591045666},
{"learn":[0.3402596372],"iteration":52,"passed_time":0.2542004912,"remaining_time":4.542035192},
{"learn":[0.3394160045],"iteration":53,"passed_time":0.2564539882,"remaining_time":4.492693941},
{"learn":[0.3387623729],"iteration":54,"passed_time":0.2586782267,"remaining_time":4.444562259},
{"learn":[0.3382791985],"iteration":55,"passed_time":0.2607518388,"remaining_time":4.395530997},
{"learn":[0.3376631489],"iteration":56,"passed_time":0.2631887464,"remaining_time":4.354157681},
{"learn":[0.3370057384],"iteration":57,"passed_time":0.2651092663,"remaining_time":4.305740152},
{"learn":[0.3363714029],"iteration":58,"passed_time":0.2670763081,"remaining_time":4.259640779},
{"learn":[0.3356542244],"iteration":59,"passed_time":0.2691337795,"remaining_time":4.216429212},
{"learn":[0.3352670089],"iteration":60,"passed_time":0.2712327377,"remaining_time":4.175205585},
{"learn":[0.3350400739],"iteration":61,"passed_time":0.2731215095,"remaining_time":4.132064128},
{"learn":[0.3345081402],"iteration":62,"passed_time":0.2752360297,"remaining_time":4.093589839},
{"learn":[0.3338642372],"iteration":63,"passed_time":0.2781972645,"remaining_time":4.068634993},
{"learn":[0.3333435905],"iteration":64,"passed_time":0.2961449905,"remaining_time":4.259931786},
{"learn":[0.3328004201],"iteration":65,"passed_time":0.2985091738,"remaining_time":4.224357096},
{"learn":[0.3323925176],"iteration":66,"passed_time":0.3007236799,"remaining_time":4.187689453},
{"learn":[0.3317995251],"iteration":67,"passed_time":0.3027473397,"remaining_time":4.149419421},
{"learn":[0.3313601324],"iteration":68,"passed_time":0.3056520026,"remaining_time":4.124087166},
{"learn":[0.3308009211],"iteration":69,"passed_time":0.3118268902,"remaining_time":4.142842969},
{"learn":[0.3305393332],"iteration":70,"passed_time":0.3153614372,"remaining_time":4.126348946},
{"learn":[0.3301146572],"iteration":71,"passed_time":0.3174477025,"remaining_time":4.091548166},
{"learn":[0.3299094914],"iteration":72,"passed_time":0.3194519637,"remaining_time":4.056602334},
{"learn":[0.3295830024],"iteration":73,"passed_time":0.3228393652,"remaining_time":4.039854759},
{"learn":[0.329045137],"iteration":74,"passed_time":0.3326841924,"remaining_time":4.103105039},
{"learn":[0.3287407472],"iteration":75,"passed_time":0.3346656944,"remaining_time":4.068830284},
{"learn":[0.3283137222],"iteration":76,"passed_time":0.3366179539,"remaining_time":4.035043785},
{"learn":[0.3280026666],"iteration":77,"passed_time":0.3389011969,"remaining_time":4.005985942},
{"learn":[0.3278036293],"iteration":78,"passed_time":0.3427393924,"remaining_time":3.995733929},
{"learn":[0.3275901187],"iteration":79,"passed_time":0.3449955244,"remaining_time":3.967448531},
{"learn":[0.327458527],"iteration":80,"passed_time":0.3472680028,"remaining_time":3.939991291},
{"learn":[0.3268685037],"iteration":81,"passed_time":0.3495528924,"remaining_time":3.913287258},
{"learn":[0.3263108261],"iteration":82,"passed_time":0.3518475836,"remaining_time":3.88727993},
{"learn":[0.3259013887],"iteration":83,"passed_time":0.35441975,"remaining_time":3.864862988},
{"learn":[0.3252731296],"iteration":84,"passed_time":0.3575355376,"remaining_time":3.848764905},
{"learn":[0.3248459707],"iteration":85,"passed_time":0.3597762043,"remaining_time":3.823668031},
{"learn":[0.3245733135],"iteration":86,"passed_time":0.3620814709,"remaining_time":3.799774516},
{"learn":[0.3242250224],"iteration":87,"passed_time":0.3643977257,"remaining_time":3.776485521},
{"learn":[0.3241566834],"iteration":88,"passed_time":0.3665765476,"remaining_time":3.752261066},
{"learn":[0.3238631396],"iteration":89,"passed_time":0.3686794527,"remaining_time":3.727758911},
{"learn":[0.3234358474],"iteration":90,"passed_time":0.3710729671,"remaining_time":3.706651946},
{"learn":[0.3231983694],"iteration":91,"passed_time":0.3733536288,"remaining_time":3.684837988},
{"learn":[0.3231077086],"iteration":92,"passed_time":0.3753565684,"remaining_time":3.660735565},
{"learn":[0.3226620276],"iteration":93,"passed_time":0.3774982697,"remaining_time":3.63844077},
{"learn":[0.3225051031],"iteration":94,"passed_time":0.3798980473,"remaining_time":3.619028767},
{"learn":[0.3222943811],"iteration":95,"passed_time":0.3820265547,"remaining_time":3.597416723},
{"learn":[0.3221530848],"iteration":96,"passed_time":0.383535431,"remaining_time":3.570438084},
{"learn":[0.3219056298],"iteration":97,"passed_time":0.3860350382,"remaining_time":3.553098004},
{"learn":[0.3214233378],"iteration":98,"passed_time":0.3881845322,"remaining_time":3.532871349},
{"learn":[0.3208190075],"iteration":99,"passed_time":0.3905357605,"remaining_time":3.514821845},
{"learn":[0.3206306897],"iteration":100,"passed_time":0.3929968109,"remaining_time":3.498060723},
{"learn":[0.3204420749],"iteration":101,"passed_time":0.3949512637,"remaining_time":3.477119949},
{"learn":[0.3203509018],"iteration":102,"passed_time":0.3968744026,"remaining_time":3.456275137},
{"learn":[0.3200695921],"iteration":103,"passed_time":0.398978901,"remaining_time":3.437356685},
{"learn":[0.3199411355],"iteration":104,"passed_time":0.4014148746,"remaining_time":3.421583931},
{"learn":[0.3196239744],"iteration":105,"passed_time":0.4037379835,"remaining_time":3.405110918},
{"learn":[0.3194833896],"iteration":106,"passed_time":0.4059360919,"remaining_time":3.38785916},
{"learn":[0.3193581233],"iteration":107,"passed_time":0.4084689739,"remaining_time":3.373651155},
{"learn":[0.3190598686],"iteration":108,"passed_time":0.4107046607,"remaining_time":3.357228007},
{"learn":[0.3187136196],"iteration":109,"passed_time":0.4127635145,"remaining_time":3.339632072},
{"learn":[0.3185516244],"iteration":110,"passed_time":0.4150047098,"remaining_time":3.32377646},
{"learn":[0.3185296985],"iteration":111,"passed_time":0.4167612688,"remaining_time":3.304321488},
{"learn":[0.3180226392],"iteration":112,"passed_time":0.4189678445,"remaining_time":3.288712196},
{"learn":[0.3175842272],"iteration":113,"passed_time":0.4214740385,"remaining_time":3.27566665},
{"learn":[0.3174840923],"iteration":114,"passed_time":0.4240359394,"remaining_time":3.263233099},
{"learn":[0.317282585],"iteration":115,"passed_time":0.43309731,"remaining_time":3.30050019},
{"learn":[0.3170765563],"iteration":116,"passed_time":0.4375179526,"remaining_time":3.301951728},
{"learn":[0.3169410966],"iteration":117,"passed_time":0.4398747283,"remaining_time":3.287877206},
{"learn":[0.3167608735],"iteration":118,"passed_time":0.4419815322,"remaining_time":3.27214899},
{"learn":[0.3166095304],"iteration":119,"passed_time":0.4443752722,"remaining_time":3.258751996},
{"learn":[0.3164606602],"iteration":120,"passed_time":0.4470588003,"remaining_time":3.247642028},
{"learn":[0.3160191314],"iteration":121,"passed_time":0.4498170002,"remaining_time":3.237207591},
{"learn":[0.3155014635],"iteration":122,"passed_time":0.4519053482,"remaining_time":3.222121873},
{"learn":[0.3153219676],"iteration":123,"passed_time":0.4540068656,"remaining_time":3.207338825},
{"learn":[0.314935076],"iteration":124,"passed_time":0.4562131584,"remaining_time":3.193492109},
{"learn":[0.3148970681],"iteration":125,"passed_time":0.4575339634,"remaining_time":3.173687968},
{"learn":[0.314744029],"iteration":126,"passed_time":0.4593698325,"remaining_time":3.157715463},
{"learn":[0.3145226854],"iteration":127,"passed_time":0.4614829426,"remaining_time":3.143852546},
{"learn":[0.3141470625],"iteration":128,"passed_time":0.4637032486,"remaining_time":3.130895578},
{"learn":[0.3140487486],"iteration":129,"passed_time":0.4659222062,"remaining_time":3.118094765},
{"learn":[0.3139404183],"iteration":130,"passed_time":0.4681732394,"remaining_time":3.105668282},
{"learn":[0.3137471451],"iteration":131,"passed_time":0.470581102,"remaining_time":3.094427247},
{"learn":[0.3135609148],"iteration":132,"passed_time":0.4729696282,"remaining_time":3.08319299},
{"learn":[0.3134204736],"iteration":133,"passed_time":0.4752202248,"remaining_time":3.071199363},
{"learn":[0.3131508573],"iteration":134,"passed_time":0.4773797086,"remaining_time":3.058766281},
{"learn":[0.3130320707],"iteration":135,"passed_time":0.4794865466,"remaining_time":3.046149826},
{"learn":[0.3129406174],"iteration":136,"passed_time":0.4814960907,"remaining_time":3.033073914},
{"learn":[0.3128067544],"iteration":137,"passed_time":0.4835877158,"remaining_time":3.020671094},
{"learn":[0.3126540708],"iteration":138,"passed_time":0.485551677,"remaining_time":3.007625855},
{"learn":[0.3122215953],"iteration":139,"passed_time":0.4878315301,"remaining_time":2.996679399},
{"learn":[0.3121334898],"iteration":140,"passed_time":0.4899522587,"remaining_time":2.984886455},
{"learn":[0.3119503327],"iteration":141,"passed_time":0.4920466872,"remaining_time":2.973070828},
{"learn":[0.3116946497],"iteration":142,"passed_time":0.4941952229,"remaining_time":2.961715427},
{"learn":[0.3114250154],"iteration":143,"passed_time":0.4962833937,"remaining_time":2.950129063},
{"learn":[0.3111778548],"iteration":144,"passed_time":0.4981679084,"remaining_time":2.937472839},
{"learn":[0.3108349085],"iteration":145,"passed_time":0.5002434004,"remaining_time":2.92608126},
{"learn":[0.3107071012],"iteration":146,"passed_time":0.5022933415,"remaining_time":2.914668165},
{"learn":[0.3105591737],"iteration":147,"passed_time":0.5043862308,"remaining_time":2.903628842},
{"learn":[0.3102570509],"iteration":148,"passed_time":0.5065411504,"remaining_time":2.893063886},
{"learn":[0.3100613456],"iteration":149,"passed_time":0.5085880264,"remaining_time":2.881998816},
{"learn":[0.3099596521],"iteration":150,"passed_time":0.5105423453,"remaining_time":2.870532789},
{"learn":[0.3097980256],"iteration":151,"passed_time":0.512670801,"remaining_time":2.860163416},
{"learn":[0.3096315552],"iteration":152,"passed_time":0.5149436213,"remaining_time":2.850700962},
{"learn":[0.3094815991],"iteration":153,"passed_time":0.5171972626,"remaining_time":2.841226521},
{"learn":[0.3094089134],"iteration":154,"passed_time":0.5191866985,"remaining_time":2.830404905},
{"learn":[0.3092546392],"iteration":155,"passed_time":0.5214296358,"remaining_time":2.82106803},
{"learn":[0.3090863795],"iteration":156,"passed_time":0.5236291924,"remaining_time":2.811588594},
{"learn":[0.3087774657],"iteration":157,"passed_time":0.5258943281,"remaining_time":2.802550787},
{"learn":[0.3084747599],"iteration":158,"passed_time":0.5280444042,"remaining_time":2.792989584},
{"learn":[0.3083693179],"iteration":159,"passed_time":0.5302401028,"remaining_time":2.78376054},
{"learn":[0.3080377183],"iteration":160,"passed_time":0.5323102763,"remaining_time":2.773964732},
{"learn":[0.3077753388],"iteration":161,"passed_time":0.5342756812,"remaining_time":2.763722351},
{"learn":[0.3077303045],"iteration":162,"passed_time":0.5366551676,"remaining_time":2.755707824},
{"learn":[0.3073324135],"iteration":163,"passed_time":0.5389065963,"remaining_time":2.747109235},
{"learn":[0.3069455865],"iteration":164,"passed_time":0.5412006194,"remaining_time":2.738803135},
{"learn":[0.3068697067],"iteration":165,"passed_time":0.5432198005,"remaining_time":2.729188636},
{"learn":[0.3066999741],"iteration":166,"passed_time":0.5453285753,"remaining_time":2.720111995},
{"learn":[0.3065919433],"iteration":167,"passed_time":0.5473722895,"remaining_time":2.710796101},
{"learn":[0.306539043],"iteration":168,"passed_time":0.5494453493,"remaining_time":2.701710564},
{"learn":[0.3063455651],"iteration":169,"passed_time":0.5518076235,"remaining_time":2.694119574},
{"learn":[0.3063098113],"iteration":170,"passed_time":0.5540658751,"remaining_time":2.686085441},
{"learn":[0.3062694834],"iteration":171,"passed_time":0.5556533814,"remaining_time":2.674889533},
{"learn":[0.3061817846],"iteration":172,"passed_time":0.5577906832,"remaining_time":2.666432919},
{"learn":[0.30611086],"iteration":173,"passed_time":0.5598796681,"remaining_time":2.657819574},
{"learn":[0.3058550938],"iteration":174,"passed_time":0.5619743836,"remaining_time":2.649307808},
{"learn":[0.3057646364],"iteration":175,"passed_time":0.5640694257,"remaining_time":2.640870493},
{"learn":[0.3054049069],"iteration":176,"passed_time":0.5662812086,"remaining_time":2.633047654},
{"learn":[0.3053542555],"iteration":177,"passed_time":0.5685495746,"remaining_time":2.625549159},
{"learn":[0.3052859159],"iteration":178,"passed_time":0.5706069453,"remaining_time":2.617141353},
{"learn":[0.3051203307],"iteration":179,"passed_time":0.5725726902,"remaining_time":2.6083867},
{"learn":[0.3049873932],"iteration":180,"passed_time":0.5746113276,"remaining_time":2.600036891},
{"learn":[0.3049218307],"iteration":181,"passed_time":0.5766164598,"remaining_time":2.591605847},
{"learn":[0.3044709882],"iteration":182,"passed_time":0.5801691994,"remaining_time":2.590154295},
{"learn":[0.3044099516],"iteration":183,"passed_time":0.5825799536,"remaining_time":2.583615446},
{"learn":[0.3043372555],"iteration":184,"passed_time":0.5847544182,"remaining_time":2.576080275},
{"learn":[0.3042329739],"iteration":185,"passed_time":0.5867998019,"remaining_time":2.568037843},
{"learn":[0.3040875334],"iteration":186,"passed_time":0.5890340249,"remaining_time":2.560880547},
{"learn":[0.3040102946],"iteration":187,"passed_time":0.5911145352,"remaining_time":2.553111716},
{"learn":[0.3039302575],"iteration":188,"passed_time":0.5932621803,"remaining_time":2.545691155},
{"learn":[0.3038531413],"iteration":189,"passed_time":0.5955278828,"remaining_time":2.538829395},
{"learn":[0.303627413],"iteration":190,"passed_time":0.5976374572,"remaining_time":2.531354465},
{"learn":[0.3034779564],"iteration":191,"passed_time":0.5997390989,"remaining_time":2.523902041},
{"learn":[0.3034373617],"iteration":192,"passed_time":0.6018258292,"remaining_time":2.516442716},
{"learn":[0.3033939177],"iteration":193,"passed_time":0.6039943291,"remaining_time":2.509378501},
{"learn":[0.3033564303],"iteration":194,"passed_time":0.6066027135,"remaining_time":2.504180433},
{"learn":[0.3033064093],"iteration":195,"passed_time":0.6086655283,"remaining_time":2.49677084},
{"learn":[0.3029545946],"iteration":196,"passed_time":0.6113529559,"remaining_time":2.491961541},
{"learn":[0.3025468639],"iteration":197,"passed_time":0.6143003999,"remaining_time":2.488226872},
{"learn":[0.3024443294],"iteration":198,"passed_time":0.6170912509,"remaining_time":2.483869809},
{"learn":[0.30228386],"iteration":199,"passed_time":0.6196773034,"remaining_time":2.478709214},
{"learn":[0.3022338433],"iteration":200,"passed_time":0.6219320077,"remaining_time":2.472257085},
{"learn":[0.3020462822],"iteration":201,"passed_time":0.6240027026,"remaining_time":2.465119588},
{"learn":[0.3019512159],"iteration":202,"passed_time":0.626178793,"remaining_time":2.458445803},
{"learn":[0.3018912047],"iteration":203,"passed_time":0.628243589,"remaining_time":2.451381847},
{"learn":[0.301779206],"iteration":204,"passed_time":0.6302889494,"remaining_time":2.444291292},
{"learn":[0.3017339622],"iteration":205,"passed_time":0.6325706981,"remaining_time":2.438160846},
{"learn":[0.301596927],"iteration":206,"passed_time":0.6359691875,"remaining_time":2.436345728},
{"learn":[0.3013461933],"iteration":207,"passed_time":0.6389889514,"remaining_time":2.433073315},
{"learn":[0.3013202457],"iteration":208,"passed_time":0.6416927194,"remaining_time":2.428607373},
{"learn":[0.3011097221],"iteration":209,"passed_time":0.6445347925,"remaining_time":2.424678505},
{"learn":[0.3009940486],"iteration":210,"passed_time":0.6473061145,"remaining_time":2.420495376},
{"learn":[0.3009593867],"iteration":211,"passed_time":0.6498402187,"remaining_time":2.415443832},
{"learn":[0.3008110362],"iteration":212,"passed_time":0.6518410428,"remaining_time":2.408445543},
{"learn":[0.3003249357],"iteration":213,"passed_time":0.6538942357,"remaining_time":2.401686305},
{"learn":[0.2998274546],"iteration":214,"passed_time":0.6559205803,"remaining_time":2.394872816},
{"learn":[0.299790288],"iteration":215,"passed_time":0.6580148196,"remaining_time":2.388350086},
{"learn":[0.2994973814],"iteration":216,"passed_time":0.6601584845,"remaining_time":2.382046513},
{"learn":[0.2994757762],"iteration":217,"passed_time":0.6618838164,"remaining_time":2.374280479},
{"learn":[0.2993742998],"iteration":218,"passed_time":0.6641305535,"remaining_time":2.368429052},
{"learn":[0.2991552009],"iteration":219,"passed_time":0.6662927485,"remaining_time":2.362310654},
{"learn":[0.2990949706],"iteration":220,"passed_time":0.6685387962,"remaining_time":2.35652363},
{"learn":[0.2990276733],"iteration":221,"passed_time":0.6706449244,"remaining_time":2.350278158},
{"learn":[0.2989627051],"iteration":222,"passed_time":0.6728893291,"remaining_time":2.344551609},
{"learn":[0.2988553093],"iteration":223,"passed_time":0.6750960973,"remaining_time":2.338725766},
{"learn":[0.2986779895],"iteration":224,"passed_time":0.6774224601,"remaining_time":2.333344029},
{"learn":[0.298472297],"iteration":225,"passed_time":0.6795586464,"remaining_time":2.327338019},
{"learn":[0.29835841],"iteration":226,"passed_time":0.6815125224,"remaining_time":2.320745286},
{"learn":[0.2981796861],"iteration":227,"passed_time":0.6837404004,"remaining_time":2.315121005},
{"learn":[0.2981515034],"iteration":228,"passed_time":0.6858466921,"remaining_time":2.309117029},
{"learn":[0.2976655745],"iteration":229,"passed_time":0.6880604169,"remaining_time":2.303506613},
{"learn":[0.2975930196],"iteration":230,"passed_time":0.6902143782,"remaining_time":2.297726653},
{"learn":[0.297390511],"iteration":231,"passed_time":0.6924058004,"remaining_time":2.29210196},
{"learn":[0.2972304205],"iteration":232,"passed_time":0.694635531,"remaining_time":2.286632842},
{"learn":[0.2965364679],"iteration":233,"passed_time":0.6966102186,"remaining_time":2.280356528},
{"learn":[0.2964057136],"iteration":234,"passed_time":0.6988961715,"remaining_time":2.27513009},
{"learn":[0.2963671188],"iteration":235,"passed_time":0.7008032346,"remaining_time":2.268701997},
{"learn":[0.2961758563],"iteration":236,"passed_time":0.7030009714,"remaining_time":2.263247853},
{"learn":[0.29608112],"iteration":237,"passed_time":0.7054984899,"remaining_time":2.258780879},
{"learn":[0.2960067825],"iteration":238,"passed_time":0.7089324582,"remaining_time":2.257312137},
{"learn":[0.2957444731],"iteration":239,"passed_time":0.7111743418,"remaining_time":2.252052082},
{"learn":[0.29547378],"iteration":240,"passed_time":0.7131466036,"remaining_time":2.245967934},
{"learn":[0.2954537739],"iteration":241,"passed_time":0.7153781146,"remaining_time":2.240729797},
{"learn":[0.295331468],"iteration":242,"passed_time":0.7174597388,"remaining_time":2.235049474},
{"learn":[0.2950944135],"iteration":243,"passed_time":0.7208750917,"remaining_time":2.233531022},
{"learn":[0.2945441647],"iteration":244,"passed_time":0.723259499,"remaining_time":2.228820089},
{"learn":[0.2944978914],"iteration":245,"passed_time":0.7260375128,"remaining_time":2.22533449},
{"learn":[0.2943970373],"iteration":246,"passed_time":0.7284141509,"remaining_time":2.220630994},
{"learn":[0.2943651411],"iteration":247,"passed_time":0.7305746548,"remaining_time":2.215290889},
{"learn":[0.2942505846],"iteration":248,"passed_time":0.7327639667,"remaining_time":2.210063209},
{"learn":[0.2940844758],"iteration":249,"passed_time":0.7354959202,"remaining_time":2.206487761},
{"learn":[0.2936110516],"iteration":250,"passed_time":0.7376702017,"remaining_time":2.201254905},
{"learn":[0.2934753549],"iteration":251,"passed_time":0.7398861206,"remaining_time":2.196169914},
{"learn":[0.2933051477],"iteration":252,"passed_time":0.7420673215,"remaining_time":2.191005095},
{"learn":[0.2930519772],"iteration":253,"passed_time":0.7441670637,"remaining_time":2.185624526},
{"learn":[0.2928656263],"iteration":254,"passed_time":0.7467704282,"remaining_time":2.181741055},
{"learn":[0.2922073735],"iteration":255,"passed_time":0.7497642154,"remaining_time":2.179002251},
{"learn":[0.2921147282],"iteration":256,"passed_time":0.7520562368,"remaining_time":2.174232622},
{"learn":[0.2920295801],"iteration":257,"passed_time":0.7542245953,"remaining_time":2.169126549},
{"learn":[0.29180038],"iteration":258,"passed_time":0.7564171683,"remaining_time":2.164112439},
{"learn":[0.2916810819],"iteration":259,"passed_time":0.7585884604,"remaining_time":2.159059464},
{"learn":[0.2916364097],"iteration":260,"passed_time":0.7606043583,"remaining_time":2.153588585},
{"learn":[0.2914966689],"iteration":261,"passed_time":0.7628713286,"remaining_time":2.1488513},
{"learn":[0.2914150331],"iteration":262,"passed_time":0.7652255754,"remaining_time":2.144377373},
{"learn":[0.29115306],"iteration":263,"passed_time":0.7676074856,"remaining_time":2.139996626},
{"learn":[0.2909916227],"iteration":264,"passed_time":0.770118849,"remaining_time":2.135990015},
{"learn":[0.2907304214],"iteration":265,"passed_time":0.7724989189,"remaining_time":2.131632355},
{"learn":[0.2901769515],"iteration":266,"passed_time":0.7764898343,"remaining_time":2.131711792},
{"learn":[0.2896437223],"iteration":267,"passed_time":0.7788413872,"remaining_time":2.127283192},
{"learn":[0.2895955646],"iteration":268,"passed_time":0.7828097134,"remaining_time":2.127263571},
{"learn":[0.2895525083],"iteration":269,"passed_time":0.7853982266,"remaining_time":2.123484094},
{"learn":[0.2891929406],"iteration":270,"passed_time":0.7875875978,"remaining_time":2.1186397},
{"learn":[0.2891059114],"iteration":271,"passed_time":0.790197824,"remaining_time":2.114941235},
{"learn":[0.2890620762],"iteration":272,"passed_time":0.7923380133,"remaining_time":2.109999032},
{"learn":[0.2887987923],"iteration":273,"passed_time":0.7944279341,"remaining_time":2.104944088},
{"learn":[0.2887238654],"iteration":274,"passed_time":0.7997760673,"remaining_time":2.108500541},
{"learn":[0.288681553],"iteration":275,"passed_time":0.8017508323,"remaining_time":2.103143488},
{"learn":[0.2886404626],"iteration":276,"passed_time":0.8040465032,"remaining_time":2.098648454},
{"learn":[0.2885729469],"iteration":277,"passed_time":0.806025981,"remaining_time":2.093348051},
{"learn":[0.288447752],"iteration":278,"passed_time":0.8082063096,"remaining_time":2.088590499},
{"learn":[0.2883750783],"iteration":279,"passed_time":0.8151954049,"remaining_time":2.096216756},
{"learn":[0.28825512],"iteration":280,"passed_time":0.8186598467,"remaining_time":2.094720391},
{"learn":[0.2882237931],"iteration":281,"passed_time":0.8206190982,"remaining_time":2.089377704},
{"learn":[0.2879095477],"iteration":282,"passed_time":0.8228949744,"remaining_time":2.084861119},
{"learn":[0.28785824],"iteration":283,"passed_time":0.827562631,"remaining_time":2.086390295},
{"learn":[0.2874794985],"iteration":284,"passed_time":0.8336460117,"remaining_time":2.091427713},
{"learn":[0.2869550241],"iteration":285,"passed_time":0.835630861,"remaining_time":2.086155366},
{"learn":[0.2869055824],"iteration":286,"passed_time":0.8375917165,"remaining_time":2.08084632},
{"learn":[0.2867668244],"iteration":287,"passed_time":0.8397823504,"remaining_time":2.076128588},
{"learn":[0.2865955615],"iteration":288,"passed_time":0.846862609,"remaining_time":2.083457837},
{"learn":[0.2861449252],"iteration":289,"passed_time":0.8496310832,"remaining_time":2.080131273},
{"learn":[0.2857885553],"iteration":290,"passed_time":0.8517621061,"remaining_time":2.075255441},
{"learn":[0.2856597749],"iteration":291,"passed_time":0.8540618133,"remaining_time":2.07080741},
{"learn":[0.2855787986],"iteration":292,"passed_time":0.8584248563,"remaining_time":2.07135281},
{"learn":[0.2855282495],"iteration":293,"passed_time":0.8635217607,"remaining_time":2.073627085},
{"learn":[0.2851477949],"iteration":294,"passed_time":0.865656387,"remaining_time":2.068772044},
{"learn":[0.2851256013],"iteration":295,"passed_time":0.867573526,"remaining_time":2.063418116},
{"learn":[0.2849531417],"iteration":296,"passed_time":0.8696241128,"remaining_time":2.058403203},
{"learn":[0.2848909543],"iteration":297,"passed_time":0.8745491007,"remaining_time":2.060179425},
{"learn":[0.2848050096],"iteration":298,"passed_time":0.8799304104,"remaining_time":2.062980661},
{"learn":[0.2847381468],"iteration":299,"passed_time":0.8822647099,"remaining_time":2.058617656},
{"learn":[0.2842195747],"iteration":300,"passed_time":0.884577437,"remaining_time":2.054218035},
{"learn":[0.2840776225],"iteration":301,"passed_time":0.8914818242,"remaining_time":2.060444746},
{"learn":[0.2840569966],"iteration":302,"passed_time":0.8949294306,"remaining_time":2.058633047},
{"learn":[0.2840389616],"iteration":303,"passed_time":0.8971158594,"remaining_time":2.053923152},
{"learn":[0.2838550661],"iteration":304,"passed_time":0.8992982318,"remaining_time":2.049220561},
{"learn":[0.2837925814],"iteration":305,"passed_time":0.9061234447,"remaining_time":2.055064283},
{"learn":[0.2836470165],"iteration":306,"passed_time":0.9088416139,"remaining_time":2.051554523},
{"learn":[0.2836062675],"iteration":307,"passed_time":0.9110612169,"remaining_time":2.046929747},
{"learn":[0.2835461423],"iteration":308,"passed_time":0.9130563188,"remaining_time":2.041818499},
{"learn":[0.2835202057],"iteration":309,"passed_time":0.916894146,"remaining_time":2.040828906},
{"learn":[0.2833804409],"iteration":310,"passed_time":0.9213302816,"remaining_time":2.041146508},
{"learn":[0.2832601088],"iteration":311,"passed_time":0.9243168729,"remaining_time":2.038237207},
{"learn":[0.2831561781],"iteration":312,"passed_time":0.9264102368,"remaining_time":2.033366878},
{"learn":[0.2829540988],"iteration":313,"passed_time":0.9290907538,"remaining_time":2.029796997},
{"learn":[0.2826596121],"iteration":314,"passed_time":0.9331916617,"remaining_time":2.02932155},
{"learn":[0.2826005123],"iteration":315,"passed_time":0.939062362,"remaining_time":2.032653973},
{"learn":[0.2825317173],"iteration":316,"passed_time":0.9411691459,"remaining_time":2.027818696},
{"learn":[0.2820134695],"iteration":317,"passed_time":0.9435244658,"remaining_time":2.023533603},
{"learn":[0.2819592025],"iteration":318,"passed_time":0.9459826078,"remaining_time":2.019480113},
{"learn":[0.2817847594],"iteration":319,"passed_time":0.9509612476,"remaining_time":2.020792651},
{"learn":[0.2813890804],"iteration":320,"passed_time":0.9539887582,"remaining_time":2.017938837},
{"learn":[0.2810152356],"iteration":321,"passed_time":0.9565855864,"remaining_time":2.014177104},
{"learn":[0.2805121695],"iteration":322,"passed_time":0.9586551787,"remaining_time":2.009317511},
{"learn":[0.2804964257],"iteration":323,"passed_time":0.9630516255,"remaining_time":2.009329935},
{"learn":[0.2803931156],"iteration":324,"passed_time":0.9681841167,"remaining_time":2.010843935},
{"learn":[0.2801471168],"iteration":325,"passed_time":0.9705157739,"remaining_time":2.006526477},
{"learn":[0.2797768916],"iteration":326,"passed_time":0.9731925769,"remaining_time":2.002931512},
{"learn":[0.2793822422],"iteration":327,"passed_time":0.9755526385,"remaining_time":1.998693211},
{"learn":[0.2790315946],"iteration":328,"passed_time":0.9789654514,"remaining_time":1.996613428},
{"learn":[0.2786476364],"iteration":329,"passed_time":0.9811864721,"remaining_time":1.992105868},
{"learn":[0.2786271102],"iteration":330,"passed_time":0.9834454131,"remaining_time":1.987688765},
{"learn":[0.2781720678],"iteration":331,"passed_time":0.9857593054,"remaining_time":1.983395229},
{"learn":[0.2781339892],"iteration":332,"passed_time":0.9880452375,"remaining_time":1.979057578},
{"learn":[0.2780368507],"iteration":333,"passed_time":0.9915737405,"remaining_time":1.977209914},
{"learn":[0.277916017],"iteration":334,"passed_time":0.9937399293,"remaining_time":1.972647919},
{"learn":[0.2774059219],"iteration":335,"passed_time":0.9960015615,"remaining_time":1.9682888},
{"learn":[0.2773902697],"iteration":336,"passed_time":0.9979851746,"remaining_time":1.963395165},
{"learn":[0.2771372333],"iteration":337,"passed_time":0.999890844,"remaining_time":1.958366091},
{"learn":[0.2769288158],"iteration":338,"passed_time":1.002523566,"remaining_time":1.954773088},
{"learn":[0.2768633343],"iteration":339,"passed_time":1.004774411,"remaining_time":1.950444444},
{"learn":[0.276725695],"iteration":340,"passed_time":1.007684029,"remaining_time":1.9474011},
{"learn":[0.2764342099],"iteration":341,"passed_time":1.010888899,"remaining_time":1.944926595},
{"learn":[0.2760753996],"iteration":342,"passed_time":1.013678131,"remaining_time":1.941651696},
{"learn":[0.2759632935],"iteration":343,"passed_time":1.015530236,"remaining_time":1.936592543},
{"learn":[0.2758968714],"iteration":344,"passed_time":1.017542109,"remaining_time":1.931855309},
{"learn":[0.2757048633],"iteration":345,"passed_time":1.019525248,"remaining_time":1.927079514},
{"learn":[0.2753620166],"iteration":346,"passed_time":1.022670283,"remaining_time":1.924506326},
{"learn":[0.2752656472],"iteration":347,"passed_time":1.025031378,"remaining_time":1.920461087},
{"learn":[0.2752557875],"iteration":348,"passed_time":1.027942313,"remaining_time":1.917451133},
{"learn":[0.2748523065],"iteration":349,"passed_time":1.030023946,"remaining_time":1.912901615},
{"learn":[0.2747946901],"iteration":350,"passed_time":1.046783711,"remaining_time":1.935506064},
{"learn":[0.2746314492],"iteration":351,"passed_time":1.048866437,"remaining_time":1.930867759},
{"learn":[0.2745623067],"iteration":352,"passed_time":1.050770592,"remaining_time":1.925916637},
{"learn":[0.2744285352],"iteration":353,"passed_time":1.052989401,"remaining_time":1.92155693},
{"learn":[0.2743414356],"iteration":354,"passed_time":1.054889732,"remaining_time":1.916630641},
{"learn":[0.2742387179],"iteration":355,"passed_time":1.056895522,"remaining_time":1.911912125},
{"learn":[0.2740936698],"iteration":356,"passed_time":1.058706123,"remaining_time":1.906857246},
{"learn":[0.2737136184],"iteration":357,"passed_time":1.060658947,"remaining_time":1.902075541},
{"learn":[0.2736395854],"iteration":358,"passed_time":1.062640842,"remaining_time":1.897361504},
{"learn":[0.2735765814],"iteration":359,"passed_time":1.064400763,"remaining_time":1.892268024},
{"learn":[0.2734069467],"iteration":360,"passed_time":1.066194357,"remaining_time":1.887252615},
{"learn":[0.2733517739],"iteration":361,"passed_time":1.068261685,"remaining_time":1.882737444},
{"learn":[0.2732999215],"iteration":362,"passed_time":1.070172296,"remaining_time":1.877960751},
{"learn":[0.2731775316],"iteration":363,"passed_time":1.072199997,"remaining_time":1.87340439},
{"learn":[0.273101106],"iteration":364,"passed_time":1.073942072,"remaining_time":1.868364975},
{"learn":[0.2729897708],"iteration":365,"passed_time":1.076722923,"remaining_time":1.865142987},
{"learn":[0.2729405239],"iteration":366,"passed_time":1.0785749,"remaining_time":1.860321286},
{"learn":[0.2728483104],"iteration":367,"passed_time":1.080376444,"remaining_time":1.855429111},
{"learn":[0.2727712503],"iteration":368,"passed_time":1.082317744,"remaining_time":1.850792674},
{"learn":[0.272576394],"iteration":369,"passed_time":1.084462961,"remaining_time":1.846518015},
{"learn":[0.2725009091],"iteration":370,"passed_time":1.086384381,"remaining_time":1.841875406},
{"learn":[0.272472891],"iteration":371,"passed_time":1.088479376,"remaining_time":1.837540451},
{"learn":[0.2724577167],"iteration":372,"passed_time":1.090590255,"remaining_time":1.83324421},
{"learn":[0.2724433444],"iteration":373,"passed_time":1.092657209,"remaining_time":1.82888613},
{"learn":[0.2724341456],"iteration":374,"passed_time":1.094558042,"remaining_time":1.824263403},
{"learn":[0.2721130054],"iteration":375,"passed_time":1.096440165,"remaining_time":1.819624103},
{"learn":[0.2718658476],"iteration":376,"passed_time":1.098530216,"remaining_time":1.815343036},
{"learn":[0.2717827644],"iteration":377,"passed_time":1.100384703,"remaining_time":1.810685939},
{"learn":[0.2716253261],"iteration":378,"passed_time":1.102215468,"remaining_time":1.806004764},
{"learn":[0.2715576948],"iteration":379,"passed_time":1.104308089,"remaining_time":1.801765829},
{"learn":[0.2714673193],"iteration":380,"passed_time":1.106297889,"remaining_time":1.797371111},
{"learn":[0.2711780507],"iteration":381,"passed_time":1.10816952,"remaining_time":1.79279781},
{"learn":[0.2711233566],"iteration":382,"passed_time":1.110228315,"remaining_time":1.788540132},
{"learn":[0.2710740044],"iteration":383,"passed_time":1.112051594,"remaining_time":1.783916099},
{"learn":[0.2710265144],"iteration":384,"passed_time":1.114314645,"remaining_time":1.780009108},
{"learn":[0.2709274617],"iteration":385,"passed_time":1.116037166,"remaining_time":1.775250829},
{"learn":[0.2708459861],"iteration":386,"passed_time":1.118323815,"remaining_time":1.771401805},
{"learn":[0.2707708949],"iteration":387,"passed_time":1.12038412,"remaining_time":1.767203818},
{"learn":[0.270754856],"iteration":388,"passed_time":1.122228061,"remaining_time":1.76267698},
{"learn":[0.2704153934],"iteration":389,"passed_time":1.124344206,"remaining_time":1.758589656},
{"learn":[0.2702550106],"iteration":390,"passed_time":1.126363502,"remaining_time":1.754361568},
{"learn":[0.2699441477],"iteration":391,"passed_time":1.128241041,"remaining_time":1.749924879},
{"learn":[0.2699044145],"iteration":392,"passed_time":1.130037066,"remaining_time":1.745375316},
{"learn":[0.2696109154],"iteration":393,"passed_time":1.131975262,"remaining_time":1.741058397},
{"learn":[0.2695838749],"iteration":394,"passed_time":1.133880576,"remaining_time":1.736703161},
{"learn":[0.2695229319],"iteration":395,"passed_time":1.135848489,"remaining_time":1.732455776},
{"learn":[0.2692447205],"iteration":396,"passed_time":1.1378162,"remaining_time":1.728219568},
{"learn":[0.2691173724],"iteration":397,"passed_time":1.139574193,"remaining_time":1.723677548},
{"learn":[0.2690400367],"iteration":398,"passed_time":1.141370595,"remaining_time":1.719207337},
{"learn":[0.2688542274],"iteration":399,"passed_time":1.143395743,"remaining_time":1.715093615},
{"learn":[0.2687778393],"iteration":400,"passed_time":1.145598218,"remaining_time":1.711255194},
{"learn":[0.2686555142],"iteration":401,"passed_time":1.147541329,"remaining_time":1.707039091},
{"learn":[0.2686196228],"iteration":402,"passed_time":1.149354853,"remaining_time":1.702642301},
{"learn":[0.2685458996],"iteration":403,"passed_time":1.151098937,"remaining_time":1.698155857},
{"learn":[0.2684738767],"iteration":404,"passed_time":1.152948497,"remaining_time":1.693837915},
{"learn":[0.2681588666],"iteration":405,"passed_time":1.154741941,"remaining_time":1.689450032},
{"learn":[0.2681073157],"iteration":406,"passed_time":1.156665865,"remaining_time":1.685265008},
{"learn":[0.2680503348],"iteration":407,"passed_time":1.15852432,"remaining_time":1.680996072},
{"learn":[0.2677823406],"iteration":408,"passed_time":1.160341334,"remaining_time":1.676679042},
{"learn":[0.2677220744],"iteration":409,"passed_time":1.162111395,"remaining_time":1.672306641},
{"learn":[0.2676543061],"iteration":410,"passed_time":1.163888564,"remaining_time":1.66795709},
{"learn":[0.2675848709],"iteration":411,"passed_time":1.165879559,"remaining_time":1.663925195},
{"learn":[0.2675590425],"iteration":412,"passed_time":1.167788675,"remaining_time":1.659786809},
{"learn":[0.2674596781],"iteration":413,"passed_time":1.169585787,"remaining_time":1.655500654},
{"learn":[0.2674015047],"iteration":414,"passed_time":1.171378515,"remaining_time":1.651220317},
{"learn":[0.2672357879],"iteration":415,"passed_time":1.173305233,"remaining_time":1.647140038},
{"learn":[0.2670778721],"iteration":416,"passed_time":1.175819167,"remaining_time":1.643891065},
{"learn":[0.2670122691],"iteration":417,"passed_time":1.177789447,"remaining_time":1.639888656},
{"learn":[0.2669517061],"iteration":418,"passed_time":1.179872494,"remaining_time":1.636052313},
{"learn":[0.2668879153],"iteration":419,"passed_time":1.18182571,"remaining_time":1.632045028},
{"learn":[0.2666047671],"iteration":420,"passed_time":1.183812124,"remaining_time":1.628093159},
{"learn":[0.2664740537],"iteration":421,"passed_time":1.185590678,"remaining_time":1.623865906},
{"learn":[0.2662340073],"iteration":422,"passed_time":1.18768057,"remaining_time":1.620074915},
{"learn":[0.2660067454],"iteration":423,"passed_time":1.190363843,"remaining_time":1.617098051},
{"learn":[0.2655508406],"iteration":424,"passed_time":1.193906646,"remaining_time":1.615285462},
{"learn":[0.2655077109],"iteration":425,"passed_time":1.196204792,"remaining_time":1.611787677},
{"learn":[0.2654548833],"iteration":426,"passed_time":1.198346779,"remaining_time":1.608085959},
{"learn":[0.2652367507],"iteration":427,"passed_time":1.200238441,"remaining_time":1.604056982},
{"learn":[0.2649544628],"iteration":428,"passed_time":1.202347451,"remaining_time":1.60032726},
{"learn":[0.2648879101],"iteration":429,"passed_time":1.206141837,"remaining_time":1.598839179},
{"learn":[0.2645336787],"iteration":430,"passed_time":1.210276817,"remaining_time":1.597790044},
{"learn":[0.2642268991],"iteration":431,"passed_time":1.212377471,"remaining_time":1.59405186},
{"learn":[0.2640587473],"iteration":432,"passed_time":1.214461772,"remaining_time":1.590299827},
{"learn":[0.2640143502],"iteration":433,"passed_time":1.216727291,"remaining_time":1.586791812},
{"learn":[0.2639568763],"iteration":434,"passed_time":1.219319987,"remaining_time":1.583714466},
{"learn":[0.2638455987],"iteration":435,"passed_time":1.222287676,"remaining_time":1.581124425},
{"learn":[0.2636991456],"iteration":436,"passed_time":1.224472386,"remaining_time":1.577523921},
{"learn":[0.2636105048],"iteration":437,"passed_time":1.226355331,"remaining_time":1.573542685},
{"learn":[0.2635030754],"iteration":438,"passed_time":1.228109293,"remaining_time":1.569406181},
{"learn":[0.2634913916],"iteration":439,"passed_time":1.229896399,"remaining_time":1.565322689},
{"learn":[0.263443094],"iteration":440,"passed_time":1.23200662,"remaining_time":1.561659184},
{"learn":[0.2630222561],"iteration":441,"passed_time":1.234469131,"remaining_time":1.558447455},
{"learn":[0.2628443599],"iteration":442,"passed_time":1.236633801,"remaining_time":1.554864621},
{"learn":[0.2627138801],"iteration":443,"passed_time":1.238518791,"remaining_time":1.550937946},
{"learn":[0.2625795715],"iteration":444,"passed_time":1.24033139,"remaining_time":1.54693016},
{"learn":[0.2625536839],"iteration":445,"passed_time":1.242039945,"remaining_time":1.54280298},
{"learn":[0.2625112268],"iteration":446,"passed_time":1.243892443,"remaining_time":1.538864701},
{"learn":[0.262454327],"iteration":447,"passed_time":1.246006891,"remaining_time":1.535258491},
{"learn":[0.2620667675],"iteration":448,"passed_time":1.247878104,"remaining_time":1.531360435},
{"learn":[0.2620577271],"iteration":449,"passed_time":1.249875415,"remaining_time":1.527625507},
{"learn":[0.2619491154],"iteration":450,"passed_time":1.251700592,"remaining_time":1.523688748},
{"learn":[0.261607443],"iteration":451,"passed_time":1.2535013,"remaining_time":1.519731664},
{"learn":[0.2615736718],"iteration":452,"passed_time":1.255240548,"remaining_time":1.515709889},
{"learn":[0.2612374362],"iteration":453,"passed_time":1.257050778,"remaining_time":1.511783535},
{"learn":[0.261185992],"iteration":454,"passed_time":1.258912793,"remaining_time":1.50792851},
{"learn":[0.2611647803],"iteration":455,"passed_time":1.260648989,"remaining_time":1.503932127},
{"learn":[0.2610846452],"iteration":456,"passed_time":1.262493226,"remaining_time":1.500074008},
{"learn":[0.2609045604],"iteration":457,"passed_time":1.264382485,"remaining_time":1.496277962},
{"learn":[0.2608524905],"iteration":458,"passed_time":1.266468734,"remaining_time":1.492722407},
{"learn":[0.2608017547],"iteration":459,"passed_time":1.268171412,"remaining_time":1.488722962},
{"learn":[0.2607538337],"iteration":460,"passed_time":1.269883142,"remaining_time":1.484744064},
{"learn":[0.2602830035],"iteration":461,"passed_time":1.271860279,"remaining_time":1.481084048},
{"learn":[0.2601384736],"iteration":462,"passed_time":1.273718712,"remaining_time":1.477293625},
{"learn":[0.2600361036],"iteration":463,"passed_time":1.275512231,"remaining_time":1.473436543},
{"learn":[0.2599447609],"iteration":464,"passed_time":1.277250456,"remaining_time":1.469524718},
{"learn":[0.2597177401],"iteration":465,"passed_time":1.279123387,"remaining_time":1.465776585},
{"learn":[0.259687727],"iteration":466,"passed_time":1.281031545,"remaining_time":1.462076689},
{"learn":[0.2596201746],"iteration":467,"passed_time":1.283625333,"remaining_time":1.45916384},
{"learn":[0.2595735701],"iteration":468,"passed_time":1.286253193,"remaining_time":1.456290929},
{"learn":[0.2595121532],"iteration":469,"passed_time":1.288614058,"remaining_time":1.453117981},
{"learn":[0.2592068674],"iteration":470,"passed_time":1.290774616,"remaining_time":1.449723507},
{"learn":[0.2590123542],"iteration":471,"passed_time":1.29260928,"remaining_time":1.445969703},
{"learn":[0.2589943874],"iteration":472,"passed_time":1.294474081,"remaining_time":1.442257591},
{"learn":[0.2589850349],"iteration":473,"passed_time":1.296404557,"remaining_time":1.438626154},
{"learn":[0.2586817471],"iteration":474,"passed_time":1.298325417,"remaining_time":1.434991251},
{"learn":[0.258671375],"iteration":475,"passed_time":1.300730634,"remaining_time":1.431896748},
{"learn":[0.2586255287],"iteration":476,"passed_time":1.303201333,"remaining_time":1.428876933},
{"learn":[0.2585397896],"iteration":477,"passed_time":1.305368911,"remaining_time":1.425528392},
{"learn":[0.2584908303],"iteration":478,"passed_time":1.30762005,"remaining_time":1.42227567},
{"learn":[0.2582886843],"iteration":479,"passed_time":1.309743684,"remaining_time":1.418888991},
{"learn":[0.2582339143],"iteration":480,"passed_time":1.311770473,"remaining_time":1.415403067},
{"learn":[0.2579101657],"iteration":481,"passed_time":1.313865394,"remaining_time":1.411996419},
{"learn":[0.257778024],"iteration":482,"passed_time":1.316356348,"remaining_time":1.409019114},
{"learn":[0.2576925829],"iteration":483,"passed_time":1.318593743,"remaining_time":1.405773495},
{"learn":[0.2576816489],"iteration":484,"passed_time":1.320345713,"remaining_time":1.402016582},
{"learn":[0.2575847966],"iteration":485,"passed_time":1.322277178,"remaining_time":1.398457757},
{"learn":[0.2575485795],"iteration":486,"passed_time":1.324105975,"remaining_time":1.394797464},
{"learn":[0.2575225606],"iteration":487,"passed_time":1.326119302,"remaining_time":1.391338284},
{"learn":[0.2573283243],"iteration":488,"passed_time":1.327991492,"remaining_time":1.38773753},
{"learn":[0.2572139089],"iteration":489,"passed_time":1.329861864,"remaining_time":1.38414194},
{"learn":[0.2571260107],"iteration":490,"passed_time":1.331635489,"remaining_time":1.380453083},
{"learn":[0.2568168492],"iteration":491,"passed_time":1.333407064,"remaining_time":1.376769895},
{"learn":[0.2566833674],"iteration":492,"passed_time":1.335332884,"remaining_time":1.373253088},
{"learn":[0.2565277926],"iteration":493,"passed_time":1.337366979,"remaining_time":1.369853626},
{"learn":[0.2562303137],"iteration":494,"passed_time":1.339211919,"remaining_time":1.366266706},
{"learn":[0.2561749768],"iteration":495,"passed_time":1.341172643,"remaining_time":1.36280446},
{"learn":[0.2560891696],"iteration":496,"passed_time":1.343221248,"remaining_time":1.359437199},
{"learn":[0.2557481285],"iteration":497,"passed_time":1.345081092,"remaining_time":1.355884956},
{"learn":[0.2556876967],"iteration":498,"passed_time":1.346875729,"remaining_time":1.352274028},
{"learn":[0.2554729762],"iteration":499,"passed_time":1.348951722,"remaining_time":1.348951722},
{"learn":[0.2554524278],"iteration":500,"passed_time":1.351026916,"remaining_time":1.345633595},
{"learn":[0.2554002645],"iteration":501,"passed_time":1.352971328,"remaining_time":1.34219068},
{"learn":[0.2552667499],"iteration":502,"passed_time":1.354835366,"remaining_time":1.338674308},
{"learn":[0.2552563777],"iteration":503,"passed_time":1.356768662,"remaining_time":1.335232652},
{"learn":[0.2549773208],"iteration":504,"passed_time":1.358604038,"remaining_time":1.331700987},
{"learn":[0.2546797882],"iteration":505,"passed_time":1.360492867,"remaining_time":1.328228214},
{"learn":[0.2545091759],"iteration":506,"passed_time":1.362372239,"remaining_time":1.324752493},
{"learn":[0.2542143686],"iteration":507,"passed_time":1.364222334,"remaining_time":1.321254701},
{"learn":[0.2541832327],"iteration":508,"passed_time":1.365951331,"remaining_time":1.317646568},
{"learn":[0.254143975],"iteration":509,"passed_time":1.367708112,"remaining_time":1.314072499},
{"learn":[0.254065042],"iteration":510,"passed_time":1.369533884,"remaining_time":1.310571564},
{"learn":[0.2540324459],"iteration":511,"passed_time":1.371409241,"remaining_time":1.307124432},
{"learn":[0.2537545823],"iteration":512,"passed_time":1.373330512,"remaining_time":1.303727016},
{"learn":[0.2534700087],"iteration":513,"passed_time":1.375264235,"remaining_time":1.300347117},
{"learn":[0.253345448],"iteration":514,"passed_time":1.377226598,"remaining_time":1.296999806},
{"learn":[0.2531442936],"iteration":515,"passed_time":1.379160645,"remaining_time":1.293631303},
{"learn":[0.2530253355],"iteration":516,"passed_time":1.380937554,"remaining_time":1.290121545},
{"learn":[0.252827411],"iteration":517,"passed_time":1.382773339,"remaining_time":1.286673261},
{"learn":[0.2528090672],"iteration":518,"passed_time":1.384983778,"remaining_time":1.283578415},
{"learn":[0.252559975],"iteration":519,"passed_time":1.387323261,"remaining_time":1.280606087},
{"learn":[0.252355056],"iteration":520,"passed_time":1.389694768,"remaining_time":1.277665631},
{"learn":[0.2523197201],"iteration":521,"passed_time":1.391987376,"remaining_time":1.274655107},
{"learn":[0.2522740359],"iteration":522,"passed_time":1.394911592,"remaining_time":1.272223384},
{"learn":[0.252029067],"iteration":523,"passed_time":1.397509631,"remaining_time":1.269493482},
{"learn":[0.2519448355],"iteration":524,"passed_time":1.399529823,"remaining_time":1.266241268},
{"learn":[0.2518696242],"iteration":525,"passed_time":1.401881314,"remaining_time":1.263292287},
{"learn":[0.2515426362],"iteration":526,"passed_time":1.404995256,"remaining_time":1.261029898},
{"learn":[0.2514868639],"iteration":527,"passed_time":1.407312165,"remaining_time":1.258051784},
{"learn":[0.2511616597],"iteration":528,"passed_time":1.409321091,"remaining_time":1.254801954},
{"learn":[0.2511405529],"iteration":529,"passed_time":1.411124868,"remaining_time":1.251374883},
{"learn":[0.2510681765],"iteration":530,"passed_time":1.412924105,"remaining_time":1.247949916},
{"learn":[0.2507240334],"iteration":531,"passed_time":1.4147107,"remaining_time":1.244519939},
{"learn":[0.2504964036],"iteration":532,"passed_time":1.417613025,"remaining_time":1.242073701},
{"learn":[0.2503102587],"iteration":533,"passed_time":1.419734843,"remaining_time":1.238944638},
{"learn":[0.2499978489],"iteration":534,"passed_time":1.421928337,"remaining_time":1.235881639},
{"learn":[0.249940484],"iteration":535,"passed_time":1.424524116,"remaining_time":1.23317013},
{"learn":[0.2499112869],"iteration":536,"passed_time":1.431377406,"remaining_time":1.234129867},
{"learn":[0.2499021376],"iteration":537,"passed_time":1.433659367,"remaining_time":1.231134996},
{"learn":[0.2495420767],"iteration":538,"passed_time":1.435717743,"remaining_time":1.227951539},
{"learn":[0.2492152628],"iteration":539,"passed_time":1.437474243,"remaining_time":1.224515096},
{"learn":[0.2489552029],"iteration":540,"passed_time":1.43933691,"remaining_time":1.221174938},
{"learn":[0.2487422937],"iteration":541,"passed_time":1.441450476,"remaining_time":1.218052247},
{"learn":[0.248694382],"iteration":542,"passed_time":1.443388363,"remaining_time":1.214785418},
{"learn":[0.2486310653],"iteration":543,"passed_time":1.445489001,"remaining_time":1.211659898},
{"learn":[0.2485952213],"iteration":544,"passed_time":1.447558476,"remaining_time":1.208512122},
{"learn":[0.2484407916],"iteration":545,"passed_time":1.449578771,"remaining_time":1.205327403},
{"learn":[0.2483727279],"iteration":546,"passed_time":1.451468569,"remaining_time":1.20203887},
{"learn":[0.2483318028],"iteration":547,"passed_time":1.453420426,"remaining_time":1.198806629},
{"learn":[0.248091694],"iteration":548,"passed_time":1.455355595,"remaining_time":1.195565343},
{"learn":[0.2478629112],"iteration":549,"passed_time":1.457394176,"remaining_time":1.192413417},
{"learn":[0.2478138641],"iteration":550,"passed_time":1.459298968,"remaining_time":1.189156509},
{"learn":[0.2477538832],"iteration":551,"passed_time":1.461503546,"remaining_time":1.186147805},
{"learn":[0.2476672252],"iteration":552,"passed_time":1.463415507,"remaining_time":1.182905483},
{"learn":[0.2473448265],"iteration":553,"passed_time":1.465377592,"remaining_time":1.179708314},
{"learn":[0.2471784058],"iteration":554,"passed_time":1.467548279,"remaining_time":1.176682854},
{"learn":[0.2470338431],"iteration":555,"passed_time":1.469663786,"remaining_time":1.173616405},
{"learn":[0.2470106513],"iteration":556,"passed_time":1.471617796,"remaining_time":1.170424926},
{"learn":[0.2468063113],"iteration":557,"passed_time":1.473625998,"remaining_time":1.167280809},
{"learn":[0.2466142309],"iteration":558,"passed_time":1.475509221,"remaining_time":1.164042158},
{"learn":[0.2463556184],"iteration":559,"passed_time":1.477431525,"remaining_time":1.160839056},
{"learn":[0.246189313],"iteration":560,"passed_time":1.47915702,"remaining_time":1.157486509},
{"learn":[0.2459787743],"iteration":561,"passed_time":1.480971678,"remaining_time":1.154209244},
{"learn":[0.2459455965],"iteration":562,"passed_time":1.482980585,"remaining_time":1.151087949},
{"learn":[0.2458570749],"iteration":563,"passed_time":1.485095881,"remaining_time":1.148052844},
{"learn":[0.2458177508],"iteration":564,"passed_time":1.486952216,"remaining_time":1.144821618},
{"learn":[0.2457447583],"iteration":565,"passed_time":1.488799337,"remaining_time":1.141588184},
{"learn":[0.2454967203],"iteration":566,"passed_time":1.490614926,"remaining_time":1.138335561},
{"learn":[0.2453816245],"iteration":567,"passed_time":1.49253396,"remaining_time":1.135166674},
{"learn":[0.245250682],"iteration":568,"passed_time":1.494415269,"remaining_time":1.131973605},
{"learn":[0.2452329741],"iteration":569,"passed_time":1.496220501,"remaining_time":1.128727747},
{"learn":[0.2450905461],"iteration":570,"passed_time":1.498280384,"remaining_time":1.125678257},
{"learn":[0.2449176209],"iteration":571,"passed_time":1.500200066,"remaining_time":1.122527322},
{"learn":[0.2446704377],"iteration":572,"passed_time":1.502158051,"remaining_time":1.119409228},
{"learn":[0.2443913863],"iteration":573,"passed_time":1.504149334,"remaining_time":1.116319889},
{"learn":[0.2443574045],"iteration":574,"passed_time":1.506091512,"remaining_time":1.113198074},
{"learn":[0.2443201392],"iteration":575,"passed_time":1.50816532,"remaining_time":1.11017725},
{"learn":[0.244124187],"iteration":576,"passed_time":1.510091082,"remaining_time":1.107051175},
{"learn":[0.2439197788],"iteration":577,"passed_time":1.512081955,"remaining_time":1.103976791},
{"learn":[0.2438956238],"iteration":578,"passed_time":1.51423262,"remaining_time":1.101022337},
{"learn":[0.2438332255],"iteration":579,"passed_time":1.51637525,"remaining_time":1.098064836},
{"learn":[0.2437893412],"iteration":580,"passed_time":1.518322629,"remaining_time":1.094969331},
{"learn":[0.2437186162],"iteration":581,"passed_time":1.5202422,"remaining_time":1.0918578},
{"learn":[0.2434845084],"iteration":582,"passed_time":1.522336813,"remaining_time":1.088875559},
{"learn":[0.2433384575],"iteration":583,"passed_time":1.524192493,"remaining_time":1.085726159},
{"learn":[0.2433048281],"iteration":584,"passed_time":1.526388857,"remaining_time":1.082822864},
{"learn":[0.2431153363],"iteration":585,"passed_time":1.52863934,"remaining_time":1.079960216},
{"learn":[0.2428976515],"iteration":586,"passed_time":1.530604983,"remaining_time":1.076899247},
{"learn":[0.2428166719],"iteration":587,"passed_time":1.532701325,"remaining_time":1.073933581},
{"learn":[0.2427741283],"iteration":588,"passed_time":1.534772096,"remaining_time":1.070953025},
{"learn":[0.2425496377],"iteration":589,"passed_time":1.536884134,"remaining_time":1.068004229},
{"learn":[0.242359448],"iteration":590,"passed_time":1.539209003,"remaining_time":1.065205554},
{"learn":[0.2421075774],"iteration":591,"passed_time":1.541231603,"remaining_time":1.062200159},
{"learn":[0.2418822116],"iteration":592,"passed_time":1.543166001,"remaining_time":1.059137542},
{"learn":[0.2418270757],"iteration":593,"passed_time":1.545165036,"remaining_time":1.056122903},
{"learn":[0.2416543599],"iteration":594,"passed_time":1.546985127,"remaining_time":1.052989876},
{"learn":[0.2416053306],"iteration":595,"passed_time":1.548950145,"remaining_time":1.049959495},
{"learn":[0.241455777],"iteration":596,"passed_time":1.550970833,"remaining_time":1.046970261},
{"learn":[0.2413892311],"iteration":597,"passed_time":1.553313421,"remaining_time":1.044200661},
{"learn":[0.2413653551],"iteration":598,"passed_time":1.555131883,"remaining_time":1.041081611},
{"learn":[0.2410997692],"iteration":599,"passed_time":1.55703807,"remaining_time":1.03802538},
{"learn":[0.2410413193],"iteration":600,"passed_time":1.559090163,"remaining_time":1.035069842},
{"learn":[0.240957379],"iteration":601,"passed_time":1.560968749,"remaining_time":1.032002595},
{"learn":[0.2409489235],"iteration":602,"passed_time":1.56292461,"remaining_time":1.028990166},
{"learn":[0.2407643064],"iteration":603,"passed_time":1.564823026,"remaining_time":1.025943573},
{"learn":[0.2407046283],"iteration":604,"passed_time":1.566698465,"remaining_time":1.022885775},
{"learn":[0.2404563792],"iteration":605,"passed_time":1.5689641,"remaining_time":1.02008557},
{"learn":[0.240438826],"iteration":606,"passed_time":1.570883105,"remaining_time":1.017062702},
{"learn":[0.2403480292],"iteration":607,"passed_time":1.572889233,"remaining_time":1.014099637},
{"learn":[0.2403190214],"iteration":608,"passed_time":1.575002323,"remaining_time":1.011208388},
{"learn":[0.2402557571],"iteration":609,"passed_time":1.576962331,"remaining_time":1.008221818},
{"learn":[0.2402005976],"iteration":610,"passed_time":1.578869254,"remaining_time":1.005204811},
{"learn":[0.2401208144],"iteration":611,"passed_time":1.580761541,"remaining_time":1.002182154},
{"learn":[0.2400506234],"iteration":612,"passed_time":1.582750222,"remaining_time":0.9992240392},
{"learn":[0.2400309487],"iteration":613,"passed_time":1.58486952,"remaining_time":0.9963511968},
{"learn":[0.2398994549],"iteration":614,"passed_time":1.58679475,"remaining_time":0.9933593149},
{"learn":[0.2396571263],"iteration":615,"passed_time":1.588874001,"remaining_time":0.9904669096},
{"learn":[0.2396314051],"iteration":616,"passed_time":1.590695053,"remaining_time":0.9874168646},
{"learn":[0.2394879793],"iteration":617,"passed_time":1.592567592,"remaining_time":0.9844026218},
{"learn":[0.2392525452],"iteration":618,"passed_time":1.594470833,"remaining_time":0.9814109651},
{"learn":[0.2390739015],"iteration":619,"passed_time":1.596722591,"remaining_time":0.9786364267},
{"learn":[0.2389378156],"iteration":620,"passed_time":1.599042483,"remaining_time":0.9759051545},
{"learn":[0.2388448054],"iteration":621,"passed_time":1.601701016,"remaining_time":0.9733810032},
{"learn":[0.2387979517],"iteration":622,"passed_time":1.604161592,"remaining_time":0.9707366293},
{"learn":[0.2387147198],"iteration":623,"passed_time":1.606193529,"remaining_time":0.9678345625},
{"learn":[0.2386110416],"iteration":624,"passed_time":1.608253121,"remaining_time":0.9649518723},
{"learn":[0.2383942258],"iteration":625,"passed_time":1.61023821,"remaining_time":0.9620273009},
{"learn":[0.2383015004],"iteration":626,"passed_time":1.612246913,"remaining_time":0.9591197742},
{"learn":[0.2381603698],"iteration":627,"passed_time":1.614568598,"remaining_time":0.956400507},
{"learn":[0.2378471779],"iteration":628,"passed_time":1.616862608,"remaining_time":0.9536661804},
{"learn":[0.2377499509],"iteration":629,"passed_time":1.618827753,"remaining_time":0.9507401091},
{"learn":[0.2375872206],"iteration":630,"passed_time":1.62093147,"remaining_time":0.947898118},
{"learn":[0.2374528845],"iteration":631,"passed_time":1.622907802,"remaining_time":0.9449842897},
{"learn":[0.2373853218],"iteration":632,"passed_time":1.625007714,"remaining_time":0.942145073},
{"learn":[0.2371924608],"iteration":633,"passed_time":1.626982108,"remaining_time":0.9392357279},
{"learn":[0.237160025],"iteration":634,"passed_time":1.629149874,"remaining_time":0.9364404789},
{"learn":[0.2368864174],"iteration":635,"passed_time":1.631088985,"remaining_time":0.9335163374},
{"learn":[0.2367947832],"iteration":636,"passed_time":1.632974711,"remaining_time":0.9305648668},
{"learn":[0.236643493],"iteration":637,"passed_time":1.634982164,"remaining_time":0.9276858047},
{"learn":[0.2366267648],"iteration":638,"passed_time":1.636962685,"remaining_time":0.9247942557},
{"learn":[0.2364077899],"iteration":639,"passed_time":1.638913924,"remaining_time":0.9218890822},
{"learn":[0.2362555883],"iteration":640,"passed_time":1.640796727,"remaining_time":0.9189485572},
{"learn":[0.2362354516],"iteration":641,"passed_time":1.642541147,"remaining_time":0.9159341596},
{"learn":[0.2361112386],"iteration":642,"passed_time":1.644774257,"remaining_time":0.9131950384},
{"learn":[0.2360322476],"iteration":643,"passed_time":1.646817603,"remaining_time":0.9103525881},
{"learn":[0.2360254941],"iteration":644,"passed_time":1.648770984,"remaining_time":0.9074630999},
{"learn":[0.2359029225],"iteration":645,"passed_time":1.650759175,"remaining_time":0.9045955852},
{"learn":[0.235895701],"iteration":646,"passed_time":1.652510243,"remaining_time":0.9016014155},
{"learn":[0.2356987978],"iteration":647,"passed_time":1.654299588,"remaining_time":0.8986318747},
{"learn":[0.2355957285],"iteration":648,"passed_time":1.656168142,"remaining_time":0.8957088101},
{"learn":[0.2351938152],"iteration":649,"passed_time":1.658119036,"remaining_time":0.8928333269},
{"learn":[0.2349185994],"iteration":650,"passed_time":1.660221875,"remaining_time":0.8900421417},
{"learn":[0.2347064389],"iteration":651,"passed_time":1.661923482,"remaining_time":0.8870389138},
{"learn":[0.2346957772],"iteration":652,"passed_time":1.663710821,"remaining_time":0.8840852296},
{"learn":[0.2345328483],"iteration":653,"passed_time":1.665585579,"remaining_time":0.8811813614},
{"learn":[0.2344415307],"iteration":654,"passed_time":1.667501499,"remaining_time":0.8783023163},
{"learn":[0.2342697378],"iteration":655,"passed_time":1.66944475,"remaining_time":0.8754405395},
{"learn":[0.2341600631],"iteration":656,"passed_time":1.671235537,"remaining_time":0.872501962},
{"learn":[0.2340855488],"iteration":657,"passed_time":1.673259952,"remaining_time":0.8696883031},
{"learn":[0.2340608716],"iteration":658,"passed_time":1.675272064,"remaining_time":0.8668706737},
{"learn":[0.2340286307],"iteration":659,"passed_time":1.67708958,"remaining_time":0.8639552383},
{"learn":[0.2340089766],"iteration":660,"passed_time":1.679066984,"remaining_time":0.8611251248},
{"learn":[0.2338782201],"iteration":661,"passed_time":1.681044086,"remaining_time":0.8582974336},
{"learn":[0.2336154986],"iteration":662,"passed_time":1.683022152,"remaining_time":0.8554727981},
{"learn":[0.2334705132],"iteration":663,"passed_time":1.684938813,"remaining_time":0.8526196405},
{"learn":[0.2332949915],"iteration":664,"passed_time":1.686853375,"remaining_time":0.8497682415},
{"learn":[0.2332395986],"iteration":665,"passed_time":1.68908465,"remaining_time":0.8470784881},
{"learn":[0.2329536119],"iteration":666,"passed_time":1.691082139,"remaining_time":0.8442733918},
{"learn":[0.2328641758],"iteration":667,"passed_time":1.692921467,"remaining_time":0.8413921061},
{"learn":[0.2327370956],"iteration":668,"passed_time":1.694925402,"remaining_time":0.8385953782},
{"learn":[0.2327304284],"iteration":669,"passed_time":1.696684436,"remaining_time":0.835680394},
{"learn":[0.2326026718],"iteration":670,"passed_time":1.698612361,"remaining_time":0.8328516643},
{"learn":[0.2324915027],"iteration":671,"passed_time":1.700520252,"remaining_time":0.8300158371},
{"learn":[0.2323187028],"iteration":672,"passed_time":1.702485599,"remaining_time":0.8272106847},
{"learn":[0.2322056018],"iteration":673,"passed_time":1.704834371,"remaining_time":0.8245934793},
{"learn":[0.2321843161],"iteration":674,"passed_time":1.706764767,"remaining_time":0.8217756288},
{"learn":[0.231913627],"iteration":675,"passed_time":1.708778638,"remaining_time":0.8190004121},
{"learn":[0.2316982973],"iteration":676,"passed_time":1.710762069,"remaining_time":0.816212922},
{"learn":[0.2316833643],"iteration":677,"passed_time":1.712705495,"remaining_time":0.8134088044},
{"learn":[0.2316308721],"iteration":678,"passed_time":1.714952489,"remaining_time":0.8107507347},
{"learn":[0.2314253089],"iteration":679,"passed_time":1.716983675,"remaining_time":0.8079923175},
{"learn":[0.2312960593],"iteration":680,"passed_time":1.72117542,"remaining_time":0.8062481044},
{"learn":[0.2312297574],"iteration":681,"passed_time":1.724402275,"remaining_time":0.8040468085},
{"learn":[0.23100196],"iteration":682,"passed_time":1.726729494,"remaining_time":0.8014249628},
{"learn":[0.2308253185],"iteration":683,"passed_time":1.729100643,"remaining_time":0.7988242736},
{"learn":[0.2306812685],"iteration":684,"passed_time":1.731203918,"remaining_time":0.7961010719},
{"learn":[0.2304277647],"iteration":685,"passed_time":1.733938197,"remaining_time":0.7936685044},
{"learn":[0.2302888484],"iteration":686,"passed_time":1.736001456,"remaining_time":0.7909293389},
{"learn":[0.2300845968],"iteration":687,"passed_time":1.737889303,"remaining_time":0.7881125909},
{"learn":[0.2298281072],"iteration":688,"passed_time":1.739945899,"remaining_time":0.7853747089},
{"learn":[0.2298032101],"iteration":689,"passed_time":1.742064695,"remaining_time":0.7826667471},
{"learn":[0.2297348566],"iteration":690,"passed_time":1.744247991,"remaining_time":0.779989333},
{"learn":[0.2294512735],"iteration":691,"passed_time":1.746303811,"remaining_time":0.7772566096},
{"learn":[0.2293736263],"iteration":692,"passed_time":1.748304743,"remaining_time":0.7745015238},
{"learn":[0.2293267445],"iteration":693,"passed_time":1.750495335,"remaining_time":0.7718322371},
{"learn":[0.2291281817],"iteration":694,"passed_time":1.752478939,"remaining_time":0.7690734914},
{"learn":[0.2289556783],"iteration":695,"passed_time":1.754511035,"remaining_time":0.7663381531},
{"learn":[0.2289080995],"iteration":696,"passed_time":1.756520756,"remaining_time":0.7635951064},
{"learn":[0.2288061824],"iteration":697,"passed_time":1.758664551,"remaining_time":0.7609121696},
{"learn":[0.2286831544],"iteration":698,"passed_time":1.760650221,"remaining_time":0.7581626845},
{"learn":[0.2285560427],"iteration":699,"passed_time":1.762557467,"remaining_time":0.7553817716},
{"learn":[0.2284349379],"iteration":700,"passed_time":1.764794113,"remaining_time":0.7527438512},
{"learn":[0.22827183],"iteration":701,"passed_time":1.766900365,"remaining_time":0.7500517217},
{"learn":[0.2281054535],"iteration":702,"passed_time":1.768941093,"remaining_time":0.7473335769},
{"learn":[0.2278504406],"iteration":703,"passed_time":1.770924206,"remaining_time":0.7445931319},
{"learn":[0.2276187147],"iteration":704,"passed_time":1.773089252,"remaining_time":0.7419309638},
{"learn":[0.227406011],"iteration":705,"passed_time":1.775529005,"remaining_time":0.7393846},
{"learn":[0.2273845093],"iteration":706,"passed_time":1.77745084,"remaining_time":0.7366238985},
{"learn":[0.227178276],"iteration":707,"passed_time":1.779649059,"remaining_time":0.7339795554},
{"learn":[0.2269835756],"iteration":708,"passed_time":1.781707287,"remaining_time":0.7312790133},
{"learn":[0.2267389531],"iteration":709,"passed_time":1.783783305,"remaining_time":0.728587547},
{"learn":[0.2267152648],"iteration":710,"passed_time":1.785815234,"remaining_time":0.7258798913},
{"learn":[0.2266823884],"iteration":711,"passed_time":1.787657105,"remaining_time":0.7230972561},
{"learn":[0.2264968714],"iteration":712,"passed_time":1.789558767,"remaining_time":0.7203413271},
{"learn":[0.2264706178],"iteration":713,"passed_time":1.791531737,"remaining_time":0.717616354},
{"learn":[0.2264462152],"iteration":714,"passed_time":1.793553575,"remaining_time":0.7149129635},
{"learn":[0.226284336],"iteration":715,"passed_time":1.795765225,"remaining_time":0.7122867652},
{"learn":[0.2261817854],"iteration":716,"passed_time":1.797674374,"remaining_time":0.7095423262},
{"learn":[0.2259569791],"iteration":717,"passed_time":1.799631463,"remaining_time":0.7068190427},
{"learn":[0.2258155635],"iteration":718,"passed_time":1.801428964,"remaining_time":0.7040355201},
{"learn":[0.225700636],"iteration":719,"passed_time":1.803302187,"remaining_time":0.7012841836},
{"learn":[0.22561149],"iteration":720,"passed_time":1.805386053,"remaining_time":0.6986167942},
{"learn":[0.2254369431],"iteration":721,"passed_time":1.807557356,"remaining_time":0.6959846882},
{"learn":[0.2253750426],"iteration":722,"passed_time":1.809772957,"remaining_time":0.6933708284},
{"learn":[0.2251687409],"iteration":723,"passed_time":1.811782102,"remaining_time":0.6906793649},
{"learn":[0.2250942026],"iteration":724,"passed_time":1.814011997,"remaining_time":0.688073516},
{"learn":[0.2250175547],"iteration":725,"passed_time":1.816447584,"remaining_time":0.6855463333},
{"learn":[0.2249882685],"iteration":726,"passed_time":1.818640495,"remaining_time":0.6829282738},
{"learn":[0.2249404731],"iteration":727,"passed_time":1.820531793,"remaining_time":0.6801986919},
{"learn":[0.224778758],"iteration":728,"passed_time":1.822539428,"remaining_time":0.6775146572},
{"learn":[0.2246226351],"iteration":729,"passed_time":1.824751019,"remaining_time":0.6749079112},
{"learn":[0.224486219],"iteration":730,"passed_time":1.826650286,"remaining_time":0.6721873145},
{"learn":[0.2244567694],"iteration":731,"passed_time":1.828583447,"remaining_time":0.6694813713},
{"learn":[0.22442713],"iteration":732,"passed_time":1.832274009,"remaining_time":0.6674176813},
{"learn":[0.2243838227],"iteration":733,"passed_time":1.834370046,"remaining_time":0.6647717059},
{"learn":[0.2243111922],"iteration":734,"passed_time":1.836479709,"remaining_time":0.6621321401},
{"learn":[0.2241480466],"iteration":735,"passed_time":1.838560046,"remaining_time":0.6594834947},
{"learn":[0.2241008476],"iteration":736,"passed_time":1.840702901,"remaining_time":0.6568587014},
{"learn":[0.2240869486],"iteration":737,"passed_time":1.847608224,"remaining_time":0.6559259548},
{"learn":[0.2240484512],"iteration":738,"passed_time":1.859698285,"remaining_time":0.6568081901},
{"learn":[0.2238956398],"iteration":739,"passed_time":1.862576034,"remaining_time":0.6544186066},
{"learn":[0.2238756128],"iteration":740,"passed_time":1.865508962,"remaining_time":0.6520469922},
{"learn":[0.2237583218],"iteration":741,"passed_time":1.867620855,"remaining_time":0.6493883835},
{"learn":[0.223685733],"iteration":742,"passed_time":1.872268426,"remaining_time":0.647608325},
{"learn":[0.2236644143],"iteration":743,"passed_time":1.878322371,"remaining_time":0.6463044718},
{"learn":[0.2235497207],"iteration":744,"passed_time":1.882063567,"remaining_time":0.6441962544},
{"learn":[0.2235036468],"iteration":745,"passed_time":1.884364319,"remaining_time":0.641593213},
{"learn":[0.2233293791],"iteration":746,"passed_time":1.886620661,"remaining_time":0.6389759402},
{"learn":[0.2230507262],"iteration":747,"passed_time":1.88996231,"remaining_time":0.6367252704},
{"learn":[0.2229135343],"iteration":748,"passed_time":1.892354765,"remaining_time":0.6341535994},
{"learn":[0.2228704498],"iteration":749,"passed_time":1.894546372,"remaining_time":0.6315154573},
{"learn":[0.2225089505],"iteration":750,"passed_time":1.896817337,"remaining_time":0.6289048161},
{"learn":[0.2223660474],"iteration":751,"passed_time":1.899216622,"remaining_time":0.6263373965},
{"learn":[0.2222117217],"iteration":752,"passed_time":1.901453828,"remaining_time":0.6237172582},
{"learn":[0.222192785],"iteration":753,"passed_time":1.903864454,"remaining_time":0.6211547157},
{"learn":[0.2221088803],"iteration":754,"passed_time":1.906052811,"remaining_time":0.6185204487},
{"learn":[0.2220838299],"iteration":755,"passed_time":1.908204511,"remaining_time":0.6158755301},
{"learn":[0.2219599953],"iteration":756,"passed_time":1.910404126,"remaining_time":0.6132472954},
{"learn":[0.2217810482],"iteration":757,"passed_time":1.912614559,"remaining_time":0.6106236454},
{"learn":[0.221757119],"iteration":758,"passed_time":1.914689743,"remaining_time":0.6079581399},
{"learn":[0.2216152414],"iteration":759,"passed_time":1.9172168,"remaining_time":0.6054368842},
{"learn":[0.2215149988],"iteration":760,"passed_time":1.919872296,"remaining_time":0.6029559511},
{"learn":[0.2214923937],"iteration":761,"passed_time":1.921773429,"remaining_time":0.600238945},
{"learn":[0.2214517339],"iteration":762,"passed_time":1.924223227,"remaining_time":0.5976945017},
{"learn":[0.2212458214],"iteration":763,"passed_time":1.926493038,"remaining_time":0.5950947082},
{"learn":[0.2212374634],"iteration":764,"passed_time":1.928615948,"remaining_time":0.5924506505},
{"learn":[0.221198529],"iteration":765,"passed_time":1.930848403,"remaining_time":0.5898414181},
{"learn":[0.2211757234],"iteration":766,"passed_time":1.933290787,"remaining_time":0.5872969406},
{"learn":[0.2210000395],"iteration":767,"passed_time":1.935638471,"remaining_time":0.5847241215},
{"learn":[0.2209803089],"iteration":768,"passed_time":1.937659422,"remaining_time":0.5820537405},
{"learn":[0.2209051846],"iteration":769,"passed_time":1.939980393,"remaining_time":0.5794746629},
{"learn":[0.2207168065],"iteration":770,"passed_time":1.94223441,"remaining_time":0.5768763681},
{"learn":[0.220621087],"iteration":771,"passed_time":1.944526891,"remaining_time":0.5742903254},
{"learn":[0.2205591126],"iteration":772,"passed_time":1.946746695,"remaining_time":0.5716836995},
{"learn":[0.220463189],"iteration":773,"passed_time":1.94915346,"remaining_time":0.5691326641},
{"learn":[0.2204451708],"iteration":774,"passed_time":1.951257723,"remaining_time":0.5664941776},
{"learn":[0.2202752211],"iteration":775,"passed_time":1.953376521,"remaining_time":0.5638612639},
{"learn":[0.2200506413],"iteration":776,"passed_time":1.955573897,"remaining_time":0.5612522254},
{"learn":[0.219993068],"iteration":777,"passed_time":1.957744135,"remaining_time":0.5586365012},
{"learn":[0.2199518144],"iteration":778,"passed_time":1.960126402,"remaining_time":0.556082073},
{"learn":[0.219937286],"iteration":779,"passed_time":1.962454752,"remaining_time":0.5535128789},
{"learn":[0.2199102463],"iteration":780,"passed_time":1.964459425,"remaining_time":0.5508535392},
{"learn":[0.2198775114],"iteration":781,"passed_time":1.966555768,"remaining_time":0.548221429},
{"learn":[0.2198741273],"iteration":782,"passed_time":1.968657388,"remaining_time":0.5455921498},
{"learn":[0.2196551097],"iteration":783,"passed_time":1.970786665,"remaining_time":0.5429718362},
{"learn":[0.2193728486],"iteration":784,"passed_time":1.972900766,"remaining_time":0.5403486175},
{"learn":[0.2193009827],"iteration":785,"passed_time":1.974914549,"remaining_time":0.537699381},
{"learn":[0.2191304106],"iteration":786,"passed_time":1.976995032,"remaining_time":0.5350698117},
{"learn":[0.2190583531],"iteration":787,"passed_time":1.979435572,"remaining_time":0.5325385041},
{"learn":[0.2188490564],"iteration":788,"passed_time":1.981422289,"remaining_time":0.5298860622},
{"learn":[0.2188402475],"iteration":789,"passed_time":1.983550852,"remaining_time":0.5272730112},
{"learn":[0.2187166957],"iteration":790,"passed_time":1.990190894,"remaining_time":0.5258532197},
{"learn":[0.2186352461],"iteration":791,"passed_time":1.996531564,"remaining_time":0.5243416229},
{"learn":[0.2185132261],"iteration":792,"passed_time":1.998473028,"remaining_time":0.5216695042},
{"learn":[0.2184173042],"iteration":793,"passed_time":2.000303201,"remaining_time":0.5189703519},
{"learn":[0.2183488119],"iteration":794,"passed_time":2.002288523,"remaining_time":0.5163133927},
{"learn":[0.2182295313],"iteration":795,"passed_time":2.004517077,"remaining_time":0.513720457},
{"learn":[0.2180676973],"iteration":796,"passed_time":2.006674878,"remaining_time":0.5111104143},
{"learn":[0.218046023],"iteration":797,"passed_time":2.009243607,"remaining_time":0.5086055246},
{"learn":[0.2180155111],"iteration":798,"passed_time":2.012232094,"remaining_time":0.5062060712},
{"learn":[0.2179015018],"iteration":799,"passed_time":2.014355015,"remaining_time":0.5035887538},
{"learn":[0.2178407801],"iteration":800,"passed_time":2.016422124,"remaining_time":0.5009588049},
{"learn":[0.217679528],"iteration":801,"passed_time":2.018646865,"remaining_time":0.4983691761},
{"learn":[0.2175621476],"iteration":802,"passed_time":2.020602772,"remaining_time":0.4957145031},
{"learn":[0.2175396478],"iteration":803,"passed_time":2.022570639,"remaining_time":0.4930644842},
{"learn":[0.2175043475],"iteration":804,"passed_time":2.024782338,"remaining_time":0.4904752247},
{"learn":[0.2172977199],"iteration":805,"passed_time":2.026728092,"remaining_time":0.4878228907},
{"learn":[0.2171264929],"iteration":806,"passed_time":2.02891407,"remaining_time":0.4852297591},
{"learn":[0.2169286806],"iteration":807,"passed_time":2.03102284,"remaining_time":0.4826192888},
{"learn":[0.2167862681],"iteration":808,"passed_time":2.033032029,"remaining_time":0.4799865482},
{"learn":[0.2167604234],"iteration":809,"passed_time":2.035160807,"remaining_time":0.4773833991},
{"learn":[0.2165893075],"iteration":810,"passed_time":2.037081358,"remaining_time":0.4747328935},
{"learn":[0.2165726956],"iteration":811,"passed_time":2.039046129,"remaining_time":0.4720944239},
{"learn":[0.2165567499],"iteration":812,"passed_time":2.041039179,"remaining_time":0.4694641162},
{"learn":[0.2165284551],"iteration":813,"passed_time":2.043251703,"remaining_time":0.4668855243},
{"learn":[0.216390973],"iteration":814,"passed_time":2.045314927,"remaining_time":0.4642739405},
{"learn":[0.2162215098],"iteration":815,"passed_time":2.047942047,"remaining_time":0.4617908536},
{"learn":[0.2161265784],"iteration":816,"passed_time":2.050073623,"remaining_time":0.4591964174},
{"learn":[0.2159613573],"iteration":817,"passed_time":2.052183244,"remaining_time":0.4565982278},
{"learn":[0.2158076167],"iteration":818,"passed_time":2.054701572,"remaining_time":0.4540915561},
{"learn":[0.2156556865],"iteration":819,"passed_time":2.056914607,"remaining_time":0.4515178406},
{"learn":[0.2154864119],"iteration":820,"passed_time":2.059119097,"remaining_time":0.4489431405},
{"learn":[0.2153349411],"iteration":821,"passed_time":2.061171294,"remaining_time":0.446336363},
{"learn":[0.2152767877],"iteration":822,"passed_time":2.063132667,"remaining_time":0.4437113998},
{"learn":[0.2152563126],"iteration":823,"passed_time":2.064968037,"remaining_time":0.4410611342},
{"learn":[0.2151500789],"iteration":824,"passed_time":2.067051504,"remaining_time":0.4384654706},
{"learn":[0.2151354099],"iteration":825,"passed_time":2.068949673,"remaining_time":0.4358320134},
{"learn":[0.2150245236],"iteration":826,"passed_time":2.07089805,"remaining_time":0.4332108376},
{"learn":[0.2148317113],"iteration":827,"passed_time":2.072782621,"remaining_time":0.4305780324},
{"learn":[0.2148113852],"iteration":828,"passed_time":2.074624904,"remaining_time":0.4279383094},
{"learn":[0.2147874476],"iteration":829,"passed_time":2.076577218,"remaining_time":0.4253230447},
{"learn":[0.214711713],"iteration":830,"passed_time":2.078477513,"remaining_time":0.4226987963},
{"learn":[0.2145820117],"iteration":831,"passed_time":2.080452483,"remaining_time":0.4200913668},
{"learn":[0.2145659814],"iteration":832,"passed_time":2.082240183,"remaining_time":0.4174479118},
{"learn":[0.2144312855],"iteration":833,"passed_time":2.084081221,"remaining_time":0.4148171255},
{"learn":[0.2144061135],"iteration":834,"passed_time":2.086071154,"remaining_time":0.4122176532},
{"learn":[0.2143153122],"iteration":835,"passed_time":2.087755015,"remaining_time":0.4095595962},
{"learn":[0.2141711903],"iteration":836,"passed_time":2.089686357,"remaining_time":0.4069520624},
{"learn":[0.2141597787],"iteration":837,"passed_time":2.091630921,"remaining_time":0.4043486984},
{"learn":[0.2141482848],"iteration":838,"passed_time":2.093419512,"remaining_time":0.4017169744},
{"learn":[0.214138599],"iteration":839,"passed_time":2.095181414,"remaining_time":0.399082174},
{"learn":[0.2140525302],"iteration":840,"passed_time":2.096954249,"remaining_time":0.3964515167},
{"learn":[0.2140275345],"iteration":841,"passed_time":2.098781559,"remaining_time":0.3938331191},
{"learn":[0.2140074507],"iteration":842,"passed_time":2.100570417,"remaining_time":0.391209437},
{"learn":[0.2139502215],"iteration":843,"passed_time":2.102313968,"remaining_time":0.388579359},
{"learn":[0.2137461405],"iteration":844,"passed_time":2.104279479,"remaining_time":0.3859920938},
{"learn":[0.2137192789],"iteration":845,"passed_time":2.106116156,"remaining_time":0.3833828464},
{"learn":[0.2135641624],"iteration":846,"passed_time":2.108027308,"remaining_time":0.3807888761},
{"learn":[0.213547471],"iteration":847,"passed_time":2.109948481,"remaining_time":0.3781983126},
{"learn":[0.2133936813],"iteration":848,"passed_time":2.111772285,"remaining_time":0.3755920084},
{"learn":[0.2131721056],"iteration":849,"passed_time":2.113592807,"remaining_time":0.372986966},
{"learn":[0.2130466311],"iteration":850,"passed_time":2.115308574,"remaining_time":0.3703654261},
{"learn":[0.2128886673],"iteration":851,"passed_time":2.117152719,"remaining_time":0.3677683127},
{"learn":[0.2128193822],"iteration":852,"passed_time":2.119188652,"remaining_time":0.3652060162},
{"learn":[0.2128050688],"iteration":853,"passed_time":2.121038384,"remaining_time":0.3626131196},
{"learn":[0.2127765513],"iteration":854,"passed_time":2.122863044,"remaining_time":0.3600177092},
{"learn":[0.2126797886],"iteration":855,"passed_time":2.124934614,"remaining_time":0.357465636},
{"learn":[0.212639019],"iteration":856,"passed_time":2.126920818,"remaining_time":0.3549004398},
{"learn":[0.2126173157],"iteration":857,"passed_time":2.128976031,"remaining_time":0.3523480144},
{"learn":[0.2125384084],"iteration":858,"passed_time":2.130869903,"remaining_time":0.3497702635},
{"learn":[0.21245577],"iteration":859,"passed_time":2.132778904,"remaining_time":0.3471965658},
{"learn":[0.2124406038],"iteration":860,"passed_time":2.134599363,"remaining_time":0.3446101179},
{"learn":[0.2124217435],"iteration":861,"passed_time":2.136395092,"remaining_time":0.3420214881},
{"learn":[0.212396433],"iteration":862,"passed_time":2.138180611,"remaining_time":0.339433075},
{"learn":[0.2123775238],"iteration":863,"passed_time":2.139978858,"remaining_time":0.3368485239},
{"learn":[0.212274494],"iteration":864,"passed_time":2.141642395,"remaining_time":0.3342447669},
{"learn":[0.212045748],"iteration":865,"passed_time":2.143493271,"remaining_time":0.331672169},
{"learn":[0.2120123803],"iteration":866,"passed_time":2.145313479,"remaining_time":0.3290965314},
{"learn":[0.2118197501],"iteration":867,"passed_time":2.147175429,"remaining_time":0.3265289823},
{"learn":[0.2115884778],"iteration":868,"passed_time":2.14920393,"remaining_time":0.3239881643},
{"learn":[0.2114765609],"iteration":869,"passed_time":2.151114117,"remaining_time":0.321430845},
{"learn":[0.2114574238],"iteration":870,"passed_time":2.152836415,"remaining_time":0.3188471842},
{"learn":[0.2113235396],"iteration":871,"passed_time":2.154647361,"remaining_time":0.3162785117},
{"learn":[0.2112675868],"iteration":872,"passed_time":2.156556588,"remaining_time":0.3137258725},
{"learn":[0.2112116006],"iteration":873,"passed_time":2.158581146,"remaining_time":0.3111913322},
{"learn":[0.2111787533],"iteration":874,"passed_time":2.160483062,"remaining_time":0.3086404374},
{"learn":[0.2111435417],"iteration":875,"passed_time":2.162378178,"remaining_time":0.3060900618},
{"learn":[0.2110132379],"iteration":876,"passed_time":2.164225489,"remaining_time":0.3035344756},
{"learn":[0.2108783264],"iteration":877,"passed_time":2.166088116,"remaining_time":0.3009826312},
{"learn":[0.2107703243],"iteration":878,"passed_time":2.168051769,"remaining_time":0.2984462618},
{"learn":[0.2107055857],"iteration":879,"passed_time":2.170044334,"remaining_time":0.2959151365},
{"learn":[0.2103777734],"iteration":880,"passed_time":2.172127662,"remaining_time":0.2933974935},
{"learn":[0.2103596982],"iteration":881,"passed_time":2.174060813,"remaining_time":0.2908607437},
{"learn":[0.2103466993],"iteration":882,"passed_time":2.176053776,"remaining_time":0.2883332862},
{"learn":[0.2101763691],"iteration":883,"passed_time":2.178133413,"remaining_time":0.2858184117},
{"learn":[0.2100623123],"iteration":884,"passed_time":2.179992549,"remaining_time":0.2832758679},
{"learn":[0.2100563712],"iteration":885,"passed_time":2.181827536,"remaining_time":0.2807317597},
{"learn":[0.21004045],"iteration":886,"passed_time":2.183739863,"remaining_time":0.2781991032},
{"learn":[0.2100361172],"iteration":887,"passed_time":2.185656459,"remaining_time":0.2756683822},
{"learn":[0.2099697808],"iteration":888,"passed_time":2.187834147,"remaining_time":0.2731716427},
{"learn":[0.2099656642],"iteration":889,"passed_time":2.189675687,"remaining_time":0.2706340737},
{"learn":[0.2099184149],"iteration":890,"passed_time":2.191605248,"remaining_time":0.2681088351},
{"learn":[0.2097224662],"iteration":891,"passed_time":2.193537455,"remaining_time":0.2655852524},
{"learn":[0.2095583758],"iteration":892,"passed_time":2.195480611,"remaining_time":0.2630643062},
{"learn":[0.2093503432],"iteration":893,"passed_time":2.198017861,"remaining_time":0.2606150932},
{"learn":[0.2092969504],"iteration":894,"passed_time":2.200561536,"remaining_time":0.2581664372},
{"learn":[0.2092830189],"iteration":895,"passed_time":2.202374006,"remaining_time":0.2556326972},
{"learn":[0.2092313585],"iteration":896,"passed_time":2.204225517,"remaining_time":0.2531050483},
{"learn":[0.209213517],"iteration":897,"passed_time":2.206265138,"remaining_time":0.2506002718},
{"learn":[0.2091206222],"iteration":898,"passed_time":2.208311034,"remaining_time":0.2480972352},
{"learn":[0.2089996664],"iteration":899,"passed_time":2.210222559,"remaining_time":0.2455802843},
{"learn":[0.2089708891],"iteration":900,"passed_time":2.212225671,"remaining_time":0.2430747407},
{"learn":[0.2089528306],"iteration":901,"passed_time":2.214083437,"remaining_time":0.2405545198},
{"learn":[0.2088498004],"iteration":902,"passed_time":2.215937489,"remaining_time":0.238035367},
{"learn":[0.2087525848],"iteration":903,"passed_time":2.217867371,"remaining_time":0.2355257385},
{"learn":[0.2085845414],"iteration":904,"passed_time":2.219920466,"remaining_time":0.2330303251},
{"learn":[0.2084542504],"iteration":905,"passed_time":2.222076846,"remaining_time":0.2305466043},
{"learn":[0.2082403928],"iteration":906,"passed_time":2.225076888,"remaining_time":0.2281501109},
{"learn":[0.2080929461],"iteration":907,"passed_time":2.228002086,"remaining_time":0.2257447047},
{"learn":[0.2080378117],"iteration":908,"passed_time":2.230923331,"remaining_time":0.2233377592},
{"learn":[0.2079117823],"iteration":909,"passed_time":2.233910449,"remaining_time":0.2209361983},
{"learn":[0.2077700858],"iteration":910,"passed_time":2.23741107,"remaining_time":0.2185835183},
{"learn":[0.2077159553],"iteration":911,"passed_time":2.239216583,"remaining_time":0.2160647581},
{"learn":[0.2076634585],"iteration":912,"passed_time":2.241057101,"remaining_time":0.2135508957},
{"learn":[0.2076449758],"iteration":913,"passed_time":2.242821203,"remaining_time":0.2110313166},
{"learn":[0.2075992978],"iteration":914,"passed_time":2.244702107,"remaining_time":0.2085242394},
{"learn":[0.20757987],"iteration":915,"passed_time":2.246733043,"remaining_time":0.2060322877},
{"learn":[0.2074759237],"iteration":916,"passed_time":2.248507023,"remaining_time":0.2035180839},
{"learn":[0.2073485833],"iteration":917,"passed_time":2.250817956,"remaining_time":0.2010534557},
{"learn":[0.2073278951],"iteration":918,"passed_time":2.25264322,"remaining_time":0.1985463556},
{"learn":[0.2072174999],"iteration":919,"passed_time":2.254436212,"remaining_time":0.1960379315},
{"learn":[0.2071632673],"iteration":920,"passed_time":2.256485679,"remaining_time":0.1935530604},
{"learn":[0.2071123345],"iteration":921,"passed_time":2.259834565,"remaining_time":0.191179063},
{"learn":[0.2069955339],"iteration":922,"passed_time":2.263780319,"remaining_time":0.188852746},
{"learn":[0.2067948103],"iteration":923,"passed_time":2.273203066,"remaining_time":0.1869734124},
{"learn":[0.2067487451],"iteration":924,"passed_time":2.287142319,"remaining_time":0.1854439718},
{"learn":[0.2066113438],"iteration":925,"passed_time":2.289393764,"remaining_time":0.1829537133},
{"learn":[0.2065102552],"iteration":926,"passed_time":2.291568194,"remaining_time":0.1804579053},
{"learn":[0.2064964808],"iteration":927,"passed_time":2.293800254,"remaining_time":0.1779672611},
{"learn":[0.2063044939],"iteration":928,"passed_time":2.295671368,"remaining_time":0.1754495878},
{"learn":[0.2062992554],"iteration":929,"passed_time":2.297962995,"remaining_time":0.1729649567},
{"learn":[0.2062352738],"iteration":930,"passed_time":2.300776939,"remaining_time":0.1705194509},
{"learn":[0.2061156069],"iteration":931,"passed_time":2.302716196,"remaining_time":0.1680093362},
{"learn":[0.2060964735],"iteration":932,"passed_time":2.304459036,"remaining_time":0.1654863402},
{"learn":[0.2059493327],"iteration":933,"passed_time":2.306483825,"remaining_time":0.1629849384},
{"learn":[0.205933079],"iteration":934,"passed_time":2.308392813,"remaining_time":0.1604765057},
{"learn":[0.2059292181],"iteration":935,"passed_time":2.310300053,"remaining_time":0.1579692344},
{"learn":[0.2058677595],"iteration":936,"passed_time":2.312760521,"remaining_time":0.1555004406},
{"learn":[0.2058554487],"iteration":937,"passed_time":2.314747649,"remaining_time":0.1530003776},
{"learn":[0.2057460623],"iteration":938,"passed_time":2.316667967,"remaining_time":0.1504970671},
{"learn":[0.2055933074],"iteration":939,"passed_time":2.318432758,"remaining_time":0.1479850697},
{"learn":[0.2055431367],"iteration":940,"passed_time":2.320257243,"remaining_time":0.1454784031},
{"learn":[0.2055103485],"iteration":941,"passed_time":2.322347116,"remaining_time":0.1429895252},
{"learn":[0.2053296129],"iteration":942,"passed_time":2.324232862,"remaining_time":0.140489155},
{"learn":[0.2053183038],"iteration":943,"passed_time":2.32598811,"remaining_time":0.1379823455},
{"learn":[0.2052112828],"iteration":944,"passed_time":2.328066276,"remaining_time":0.1354959208},
{"learn":[0.2050725016],"iteration":945,"passed_time":2.329910682,"remaining_time":0.1329970157},
{"learn":[0.2049068119],"iteration":946,"passed_time":2.331875915,"remaining_time":0.130506255},
{"learn":[0.2048942423],"iteration":947,"passed_time":2.333612432,"remaining_time":0.1280040574},
{"learn":[0.2048020765],"iteration":948,"passed_time":2.335740675,"remaining_time":0.1255245252},
{"learn":[0.204733228],"iteration":949,"passed_time":2.337903295,"remaining_time":0.1230475418},
{"learn":[0.2046161991],"iteration":950,"passed_time":2.339772823,"remaining_time":0.1205561181},
{"learn":[0.2045663473],"iteration":951,"passed_time":2.341659158,"remaining_time":0.1180668483},
{"learn":[0.2044891337],"iteration":952,"passed_time":2.344058466,"remaining_time":0.1156041426},
{"learn":[0.2044476736],"iteration":953,"passed_time":2.346155352,"remaining_time":0.1131269876},
{"learn":[0.2044340204],"iteration":954,"passed_time":2.347971585,"remaining_time":0.1106374045},
{"learn":[0.2044208949],"iteration":955,"passed_time":2.349959659,"remaining_time":0.1081571391},
{"learn":[0.2043242489],"iteration":956,"passed_time":2.351939682,"remaining_time":0.1056775405},
{"learn":[0.2041908571],"iteration":957,"passed_time":2.35373912,"remaining_time":0.1031910679},
{"learn":[0.2041508471],"iteration":958,"passed_time":2.35556971,"remaining_time":0.1007073599},
{"learn":[0.2041408234],"iteration":959,"passed_time":2.357558944,"remaining_time":0.09823162265},
{"learn":[0.2040775865],"iteration":960,"passed_time":2.359768911,"remaining_time":0.0957658559},
{"learn":[0.2040690036],"iteration":961,"passed_time":2.361790067,"remaining_time":0.09329316271},
{"learn":[0.2039716768],"iteration":962,"passed_time":2.365149692,"remaining_time":0.09087283345},
{"learn":[0.2038595553],"iteration":963,"passed_time":2.368200159,"remaining_time":0.08843901011},
{"learn":[0.2037065613],"iteration":964,"passed_time":2.370371276,"remaining_time":0.08597201521},
{"learn":[0.203642716],"iteration":965,"passed_time":2.37228346,"remaining_time":0.08349651929},
{"learn":[0.2035429622],"iteration":966,"passed_time":2.376500677,"remaining_time":0.08110085041},
{"learn":[0.2034818586],"iteration":967,"passed_time":2.379596801,"remaining_time":0.07866435707},
{"learn":[0.2034524607],"iteration":968,"passed_time":2.381563021,"remaining_time":0.07619035466},
{"learn":[0.2034486845],"iteration":969,"passed_time":2.383547195,"remaining_time":0.07371795447},
{"learn":[0.2034207941],"iteration":970,"passed_time":2.385704596,"remaining_time":0.07125173356},
{"learn":[0.203357331],"iteration":971,"passed_time":2.387654714,"remaining_time":0.06878017696},
{"learn":[0.2032317681],"iteration":972,"passed_time":2.391753782,"remaining_time":0.06636932387},
{"learn":[0.2031996969],"iteration":973,"passed_time":2.39517968,"remaining_time":0.06393703458},
{"learn":[0.2031864408],"iteration":974,"passed_time":2.397172748,"remaining_time":0.06146596791},
{"learn":[0.2030623766],"iteration":975,"passed_time":2.399153574,"remaining_time":0.05899557969},
{"learn":[0.2029116272],"iteration":976,"passed_time":2.401030845,"remaining_time":0.05652375582},
{"learn":[0.2028606847],"iteration":977,"passed_time":2.404834609,"remaining_time":0.05409648405},
{"learn":[0.2028160829],"iteration":978,"passed_time":2.409675196,"remaining_time":0.05168864056},
{"learn":[0.2027623971],"iteration":979,"passed_time":2.411849758,"remaining_time":0.04922142364},
{"learn":[0.2026187323],"iteration":980,"passed_time":2.413715624,"remaining_time":0.04674882451},
{"learn":[0.2025086917],"iteration":981,"passed_time":2.415586465,"remaining_time":0.04427755231},
{"learn":[0.2024457613],"iteration":982,"passed_time":2.42138042,"remaining_time":0.04187534806},
{"learn":[0.2023257811],"iteration":983,"passed_time":2.4268098,"remaining_time":0.03946032195},
{"learn":[0.2022210346],"iteration":984,"passed_time":2.429275748,"remaining_time":0.03699404693},
{"learn":[0.2021037902],"iteration":985,"passed_time":2.431058619,"remaining_time":0.0345180737},
{"learn":[0.202062574],"iteration":986,"passed_time":2.435028181,"remaining_time":0.03207230634},
{"learn":[0.2020308167],"iteration":987,"passed_time":2.439148659,"remaining_time":0.02962528735},
{"learn":[0.2019838239],"iteration":988,"passed_time":2.44329595,"remaining_time":0.02717518245},
{"learn":[0.2018259691],"iteration":989,"passed_time":2.445695019,"remaining_time":0.02470399009},
{"learn":[0.2018224848],"iteration":990,"passed_time":2.451189322,"remaining_time":0.02226105338},
{"learn":[0.2016444068],"iteration":991,"passed_time":2.456012616,"remaining_time":0.01980655336},
{"learn":[0.2015411042],"iteration":992,"passed_time":2.457828292,"remaining_time":0.01732608061},
{"learn":[0.2015238868],"iteration":993,"passed_time":2.45995597,"remaining_time":0.01484882879},
{"learn":[0.2014995445],"iteration":994,"passed_time":2.462032588,"remaining_time":0.01237202306},
{"learn":[0.2014917342],"iteration":995,"passed_time":2.468336648,"remaining_time":0.009912998586},
{"learn":[0.2012988456],"iteration":996,"passed_time":2.471734911,"remaining_time":0.007437517284},
{"learn":[0.2012820744],"iteration":997,"passed_time":2.473900415,"remaining_time":0.004957716263},
{"learn":[0.2012804163],"iteration":998,"passed_time":2.475999852,"remaining_time":0.00247847833},
{"learn":[0.2011765154],"iteration":999,"passed_time":2.478976095,"remaining_time":0}
]}